T,s,i,o,c,h,l,v,n
2020-08-19 23:59:59.999,ETH,1d,422.33,407.65,427.1,393.28,0.0,0
2020-08-20 23:59:59.999,ETH,1d,407.63,416.29,419.48,402.41,0.0,0
2020-08-21 23:59:59.999,ETH,1d,416.3,388.25,418.95,385.09,0.0,0
2020-08-22 23:59:59.999,ETH,1d,388.27,395.44,397.34,380.0,0.0,0
2020-08-23 23:59:59.999,ETH,1d,395.44,391.0,397.2,383.69,0.0,0
2020-08-24 23:59:59.999,ETH,1d,391.0,407.94,410.7,387.64,0.0,0
2020-08-25 23:59:59.999,ETH,1d,407.91,383.11,409.43,370.14,0.0,0
2020-08-26 23:59:59.999,ETH,1d,383.07,386.02,393.44,377.63,0.0,0
2020-08-27 23:59:59.999,ETH,1d,386.02,383.6,397.38,371.31,0.0,0
2020-08-28 23:59:59.999,ETH,1d,383.58,395.14,398.8,379.94,0.0,0
2020-08-29 23:59:59.999,ETH,1d,395.16,398.66,405.8,391.81,0.0,0
2020-08-30 23:59:59.999,ETH,1d,398.71,429.11,430.28,398.37,0.0,0
2020-08-31 23:59:59.999,ETH,1d,429.12,434.03,439.49,418.2,0.0,0
2020-09-01 23:59:59.999,ETH,1d,434.03,475.61,489.32,429.25,0.0,0
2020-09-02 23:59:59.999,ETH,1d,475.7,439.75,482.44,418.3,0.0,0
2020-09-03 23:59:59.999,ETH,1d,439.74,381.62,450.91,371.0,0.0,0
2020-09-04 23:59:59.999,ETH,1d,381.52,385.2,400.63,356.14,0.0,0
2020-09-05 23:59:59.999,ETH,1d,385.24,334.85,394.89,307.36,0.0,0
2020-09-06 23:59:59.999,ETH,1d,334.85,352.69,360.0,316.03,0.0,0
2020-09-07 23:59:59.999,ETH,1d,352.62,353.49,358.48,323.02,0.0,0
2020-09-08 23:59:59.999,ETH,1d,353.49,337.32,356.67,325.0,0.0,0
2020-09-09 23:59:59.999,ETH,1d,337.38,350.65,359.0,330.58,0.0,0
2020-09-10 23:59:59.999,ETH,1d,350.58,367.69,377.0,349.66,0.0,0
2020-09-11 23:59:59.999,ETH,1d,367.69,373.45,375.07,355.6,0.0,0
2020-09-12 23:59:59.999,ETH,1d,373.42,387.65,388.36,364.43,0.0,0
2020-09-13 23:59:59.999,ETH,1d,387.58,366.24,390.45,353.12,0.0,0
2020-09-14 23:59:59.999,ETH,1d,366.24,377.13,384.42,355.48,0.0,0
2020-09-15 23:59:59.999,ETH,1d,377.13,364.06,382.49,362.29,0.0,0
2020-09-16 23:59:59.999,ETH,1d,364.0,364.95,373.3,354.75,0.0,0
2020-09-17 23:59:59.999,ETH,1d,364.97,389.24,394.07,363.1,0.0,0
2020-09-18 23:59:59.999,ETH,1d,389.23,384.44,392.43,375.39,0.0,0
2020-09-19 23:59:59.999,ETH,1d,384.43,384.96,388.71,376.67,0.0,0
2020-09-20 23:59:59.999,ETH,1d,384.95,370.85,385.33,364.52,0.0,0
2020-09-21 23:59:59.999,ETH,1d,370.86,340.19,377.2,330.66,0.0,0
2020-09-22 23:59:59.999,ETH,1d,340.19,344.06,346.75,335.27,0.0,0
2020-09-23 23:59:59.999,ETH,1d,344.05,320.64,344.6,312.36,0.0,0
2020-09-24 23:59:59.999,ETH,1d,320.64,348.77,353.09,316.37,0.0,0
2020-09-25 23:59:59.999,ETH,1d,348.73,351.88,357.88,337.5,0.0,0
2020-09-26 23:59:59.999,ETH,1d,351.88,353.88,356.58,345.76,0.0,0
2020-09-27 23:59:59.999,ETH,1d,353.89,357.4,362.22,346.79,0.0,0
2020-09-28 23:59:59.999,ETH,1d,357.29,353.85,368.45,351.6,0.0,0
2020-09-29 23:59:59.999,ETH,1d,353.84,359.7,360.55,350.07,0.0,0
2020-09-30 23:59:59.999,ETH,1d,359.7,359.71,361.55,351.02,0.0,0
2020-10-01 23:59:59.999,ETH,1d,359.71,352.53,370.44,345.1,0.0,0
2020-10-02 23:59:59.999,ETH,1d,352.54,345.41,354.34,334.01,0.0,0
2020-10-03 23:59:59.999,ETH,1d,345.44,345.72,350.86,343.38,0.0,0
2020-10-04 23:59:59.999,ETH,1d,345.69,352.23,354.3,343.68,0.0,0
2020-10-05 23:59:59.999,ETH,1d,352.15,353.45,356.51,348.2,0.0,0
2020-10-06 23:59:59.999,ETH,1d,353.45,340.65,354.95,336.44,0.0,0
2020-10-07 23:59:59.999,ETH,1d,340.66,341.41,342.9,332.22,0.0,0
2020-10-08 23:59:59.999,ETH,1d,341.42,351.08,353.43,333.88,0.0,0
2020-10-09 23:59:59.999,ETH,1d,351.07,365.04,368.3,347.26,0.0,0
2020-10-10 23:59:59.999,ETH,1d,365.03,370.68,378.7,364.71,0.0,0
2020-10-11 23:59:59.999,ETH,1d,370.68,374.39,378.1,369.07,0.0,0
2020-10-12 23:59:59.999,ETH,1d,374.39,386.73,395.43,365.5,0.0,0
2020-10-13 23:59:59.999,ETH,1d,386.72,381.12,388.15,374.25,0.0,0
2020-10-14 23:59:59.999,ETH,1d,381.11,378.75,387.72,373.12,0.0,0
2020-10-15 23:59:59.999,ETH,1d,378.75,377.63,382.6,369.5,0.0,0
2020-10-16 23:59:59.999,ETH,1d,377.63,365.41,379.92,360.53,0.0,0
2020-10-17 23:59:59.999,ETH,1d,365.42,368.26,370.91,363.19,0.0,0
2020-10-18 23:59:59.999,ETH,1d,368.26,378.29,378.8,367.16,0.0,0
2020-10-19 23:59:59.999,ETH,1d,378.28,379.47,384.53,372.72,0.0,0
2020-10-20 23:59:59.999,ETH,1d,379.47,368.74,381.19,364.9,0.0,0
2020-10-21 23:59:59.999,ETH,1d,368.74,390.96,402.8,367.9,0.0,0
2020-10-22 23:59:59.999,ETH,1d,390.95,414.39,421.9,390.57,0.0,0
2020-10-23 23:59:59.999,ETH,1d,414.38,409.4,419.99,401.82,0.0,0
2020-10-24 23:59:59.999,ETH,1d,409.41,412.34,417.16,407.33,0.0,0
2020-10-25 23:59:59.999,ETH,1d,412.34,406.14,417.89,402.6,0.0,0
2020-10-26 23:59:59.999,ETH,1d,406.14,392.43,411.18,382.18,0.0,0
2020-10-27 23:59:59.999,ETH,1d,392.43,403.6,410.58,390.0,0.0,0
2020-10-28 23:59:59.999,ETH,1d,403.59,388.17,409.65,379.28,0.0,0
2020-10-29 23:59:59.999,ETH,1d,388.17,386.94,394.27,380.5,0.0,0
2020-10-30 23:59:59.999,ETH,1d,386.94,382.4,392.1,373.03,0.0,0
2020-10-31 23:59:59.999,ETH,1d,382.49,386.29,394.14,380.14,0.0,0
2020-11-01 23:59:59.999,ETH,1d,386.28,396.82,398.0,384.32,0.0,0
2020-11-02 23:59:59.999,ETH,1d,396.9,383.16,405.0,377.71,0.0,0
2020-11-03 23:59:59.999,ETH,1d,383.16,388.11,390.28,370.0,0.0,0
2020-11-04 23:59:59.999,ETH,1d,388.11,402.92,408.99,375.71,0.0,0
2020-11-05 23:59:59.999,ETH,1d,402.95,417.14,423.79,395.89,0.0,0
2020-11-06 23:59:59.999,ETH,1d,417.13,456.38,459.0,414.81,0.0,0
2020-11-07 23:59:59.999,ETH,1d,456.38,435.58,469.74,423.7,0.0,0
2020-11-08 23:59:59.999,ETH,1d,435.64,454.75,461.1,432.33,0.0,0
2020-11-09 23:59:59.999,ETH,1d,454.74,444.72,459.9,433.76,0.0,0
2020-11-10 23:59:59.999,ETH,1d,444.73,450.67,455.82,439.07,0.0,0
2020-11-11 23:59:59.999,ETH,1d,450.67,463.35,476.89,449.69,0.0,0
2020-11-12 23:59:59.999,ETH,1d,463.34,462.68,470.83,451.09,0.0,0
2020-11-13 23:59:59.999,ETH,1d,462.69,476.8,479.0,457.25,0.0,0
2020-11-14 23:59:59.999,ETH,1d,476.8,461.0,478.1,451.97,0.0,0
2020-11-15 23:59:59.999,ETH,1d,461.02,448.16,462.96,440.1,0.0,0
2020-11-16 23:59:59.999,ETH,1d,448.16,460.72,466.6,445.53,0.0,0
2020-11-17 23:59:59.999,ETH,1d,460.7,482.49,485.93,460.0,0.0,0
2020-11-18 23:59:59.999,ETH,1d,482.56,478.61,497.0,455.0,0.0,0
2020-11-19 23:59:59.999,ETH,1d,478.6,471.38,480.68,465.15,0.0,0
2020-11-20 23:59:59.999,ETH,1d,471.38,510.37,514.52,471.01,0.0,0
2020-11-21 23:59:59.999,ETH,1d,510.43,554.1,555.44,502.8,0.0,0
2020-11-22 23:59:59.999,ETH,1d,554.04,560.42,582.93,511.0,0.0,0
2020-11-23 23:59:59.999,ETH,1d,560.41,609.12,611.88,550.81,0.0,0
2020-11-24 23:59:59.999,ETH,1d,609.12,605.72,624.65,586.15,0.0,0
2020-11-25 23:59:59.999,ETH,1d,605.71,569.79,607.09,555.0,0.0,0
2020-11-26 23:59:59.999,ETH,1d,569.79,520.25,577.53,480.12,0.0,0
2020-11-27 23:59:59.999,ETH,1d,520.2,518.92,530.83,493.8,0.0,0
2020-11-28 23:59:59.999,ETH,1d,518.89,537.46,548.0,507.0,0.0,0
2020-11-29 23:59:59.999,ETH,1d,537.37,576.38,577.0,530.5,0.0,0
2020-11-30 23:59:59.999,ETH,1d,576.38,617.42,617.53,570.9,0.0,0
2020-12-01 23:59:59.999,ETH,1d,617.5,585.98,638.66,558.0,0.0,0
2020-12-02 23:59:59.999,ETH,1d,585.92,596.96,605.88,574.73,0.0,0
2020-12-03 23:59:59.999,ETH,1d,596.96,616.2,624.7,585.95,0.0,0
2020-12-04 23:59:59.999,ETH,1d,616.21,567.68,620.99,564.91,0.0,0
2020-12-05 23:59:59.999,ETH,1d,567.69,596.97,598.2,561.06,0.0,0
2020-12-06 23:59:59.999,ETH,1d,596.98,601.86,607.93,583.2,0.0,0
2020-12-07 23:59:59.999,ETH,1d,601.86,591.84,603.63,584.67,0.0,0
2020-12-08 23:59:59.999,ETH,1d,591.84,555.17,595.75,548.0,0.0,0
2020-12-09 23:59:59.999,ETH,1d,555.08,573.27,578.62,531.0,0.0,0
2020-12-10 23:59:59.999,ETH,1d,573.28,559.71,575.67,548.52,0.0,0
2020-12-11 23:59:59.999,ETH,1d,559.69,544.74,561.37,533.11,0.0,0
2020-12-12 23:59:59.999,ETH,1d,544.8,568.34,574.0,543.34,0.0,0
2020-12-13 23:59:59.999,ETH,1d,568.3,590.91,595.47,563.11,0.0,0
2020-12-14 23:59:59.999,ETH,1d,590.92,586.33,591.63,575.57,0.0,0
2020-12-15 23:59:59.999,ETH,1d,586.32,588.8,598.0,579.0,0.0,0
2020-12-16 23:59:59.999,ETH,1d,588.8,637.8,640.47,581.04,0.0,0
2020-12-17 23:59:59.999,ETH,1d,637.79,643.12,678.2,625.0,0.0,0
2020-12-18 23:59:59.999,ETH,1d,643.09,654.51,665.85,630.1,0.0,0
2020-12-19 23:59:59.999,ETH,1d,654.44,658.81,671.95,646.0,0.0,0
2020-12-20 23:59:59.999,ETH,1d,658.82,638.27,662.99,620.93,0.0,0
2020-12-21 23:59:59.999,ETH,1d,638.25,608.18,648.88,595.54,0.0,0
2020-12-22 23:59:59.999,ETH,1d,608.24,637.2,638.7,588.41,0.0,0
2020-12-23 23:59:59.999,ETH,1d,637.2,585.34,639.54,546.81,0.0,0
2020-12-24 23:59:59.999,ETH,1d,585.49,612.31,615.42,565.2,0.0,0
2020-12-25 23:59:59.999,ETH,1d,612.31,627.18,634.96,604.5,0.0,0
2020-12-26 23:59:59.999,ETH,1d,627.17,637.9,654.32,615.1,0.0,0
2020-12-27 23:59:59.999,ETH,1d,637.89,685.97,718.75,625.0,0.0,0
2020-12-28 23:59:59.999,ETH,1d,685.97,731.07,749.5,681.91,0.0,0
2020-12-29 23:59:59.999,ETH,1d,731.06,733.45,742.0,690.1,0.0,0
2020-12-30 23:59:59.999,ETH,1d,733.45,753.04,760.76,717.52,0.0,0
2020-12-31 23:59:59.999,ETH,1d,753.05,737.19,757.0,721.75,0.0,0
2021-01-01 23:59:59.999,ETH,1d,737.18,729.77,750.4,714.55,0.0,0
2021-01-02 23:59:59.999,ETH,1d,729.7,775.02,788.71,715.6,0.0,0
2021-01-03 23:59:59.999,ETH,1d,775.04,980.24,1022.51,769.19,0.0,0
2021-01-04 23:59:59.999,ETH,1d,980.23,1043.11,1173.94,890.0,0.0,0
2021-01-05 23:59:59.999,ETH,1d,1043.12,1101.29,1138.92,974.23,0.0,0
2021-01-06 23:59:59.999,ETH,1d,1101.29,1212.64,1218.0,1057.3,0.0,0
2021-01-07 23:59:59.999,ETH,1d,1212.98,1227.12,1297.15,1150.0,0.0,0
2021-01-08 23:59:59.999,ETH,1d,1227.5,1218.39,1279.06,1064.6,0.0,0
2021-01-09 23:59:59.999,ETH,1d,1218.55,1279.96,1314.0,1173.0,0.0,0
2021-01-10 23:59:59.999,ETH,1d,1279.96,1257.96,1354.66,1168.49,0.0,0
2021-01-11 23:59:59.999,ETH,1d,1257.95,1086.94,1264.5,915.2,0.0,0
2021-01-12 23:59:59.999,ETH,1d,1086.84,1050.82,1153.13,1007.0,0.0,0
2021-01-13 23:59:59.999,ETH,1d,1050.67,1130.4,1138.63,987.21,0.0,0
2021-01-14 23:59:59.999,ETH,1d,1130.4,1234.86,1249.32,1087.68,0.0,0
2021-01-15 23:59:59.999,ETH,1d,1234.5,1168.79,1260.0,1070.0,0.0,0
2021-01-16 23:59:59.999,ETH,1d,1168.65,1230.19,1296.79,1152.13,0.0,0
2021-01-17 23:59:59.999,ETH,1d,1230.32,1233.71,1272.28,1165.0,0.0,0
2021-01-18 23:59:59.999,ETH,1d,1233.61,1262.99,1265.96,1183.2,0.0,0
2021-01-19 23:59:59.999,ETH,1d,1263.0,1367.51,1444.05,1255.51,0.0,0
2021-01-20 23:59:59.999,ETH,1d,1367.38,1379.24,1411.38,1236.35,0.0,0
2021-01-21 23:59:59.999,ETH,1d,1379.23,1111.23,1391.0,1083.4,0.0,0
2021-01-22 23:59:59.999,ETH,1d,1111.82,1234.55,1274.52,1041.13,0.0,0
2021-01-23 23:59:59.999,ETH,1d,1234.54,1235.66,1274.0,1197.0,0.0,0
2021-01-24 23:59:59.999,ETH,1d,1235.65,1394.24,1401.88,1221.51,0.0,0
2021-01-25 23:59:59.999,ETH,1d,1394.23,1318.61,1481.46,1293.0,0.0,0
2021-01-26 23:59:59.999,ETH,1d,1318.53,1368.4,1379.5,1244.87,0.0,0
2021-01-27 23:59:59.999,ETH,1d,1368.48,1238.55,1377.9,1206.0,0.0,0
2021-01-28 23:59:59.999,ETH,1d,1238.55,1329.86,1362.94,1217.28,0.0,0
2021-01-29 23:59:59.999,ETH,1d,1330.28,1381.99,1443.0,1285.46,0.0,0
2021-01-30 23:59:59.999,ETH,1d,1382.14,1380.48,1409.35,1328.0,0.0,0
2021-01-31 23:59:59.999,ETH,1d,1380.42,1313.12,1383.7,1281.96,0.0,0
2021-02-01 23:59:59.999,ETH,1d,1313.09,1376.48,1379.73,1270.0,0.0,0
2021-02-02 23:59:59.999,ETH,1d,1376.74,1516.26,1551.5,1363.0,0.0,0
2021-02-03 23:59:59.999,ETH,1d,1516.2,1666.0,1672.76,1510.76,0.0,0
2021-02-04 23:59:59.999,ETH,1d,1666.1,1596.0,1703.37,1557.0,0.0,0
2021-02-05 23:59:59.999,ETH,1d,1595.93,1721.16,1767.19,1592.46,0.0,0
2021-02-06 23:59:59.999,ETH,1d,1721.03,1679.34,1748.11,1647.09,0.0,0
2021-02-07 23:59:59.999,ETH,1d,1679.38,1611.99,1695.5,1490.48,0.0,0
2021-02-08 23:59:59.999,ETH,1d,1612.0,1755.61,1782.5,1566.22,0.0,0
2021-02-09 23:59:59.999,ETH,1d,1755.6,1770.79,1830.47,1713.2,0.0,0
2021-02-10 23:59:59.999,ETH,1d,1770.99,1743.31,1848.0,1680.0,0.0,0
2021-02-11 23:59:59.999,ETH,1d,1743.3,1789.32,1827.07,1704.21,0.0,0
2021-02-12 23:59:59.999,ETH,1d,1789.32,1843.08,1872.86,1740.22,0.0,0
2021-02-13 23:59:59.999,ETH,1d,1843.08,1818.02,1878.88,1764.79,0.0,0
2021-02-14 23:59:59.999,ETH,1d,1817.86,1803.59,1857.67,1785.23,0.0,0
2021-02-15 23:59:59.999,ETH,1d,1804.0,1781.34,1839.63,1652.0,0.0,0
2021-02-16 23:59:59.999,ETH,1d,1781.34,1784.31,1831.58,1726.01,0.0,0
2021-02-17 23:59:59.999,ETH,1d,1784.31,1849.86,1864.26,1735.66,0.0,0
2021-02-18 23:59:59.999,ETH,1d,1849.87,1941.26,1955.0,1849.37,0.0,0
2021-02-19 23:59:59.999,ETH,1d,1941.12,1958.58,1980.0,1894.0,0.0,0
2021-02-20 23:59:59.999,ETH,1d,1958.59,1914.58,2048.0,1792.0,0.0,0
2021-02-21 23:59:59.999,ETH,1d,1914.51,1934.75,1981.04,1885.0,0.0,0
2021-02-22 23:59:59.999,ETH,1d,1934.59,1778.3,1938.5,1552.2,0.0,0
2021-02-23 23:59:59.999,ETH,1d,1778.22,1579.75,1784.08,1348.17,0.0,0
2021-02-24 23:59:59.999,ETH,1d,1579.75,1623.98,1714.04,1501.09,0.0,0
2021-02-25 23:59:59.999,ETH,1d,1623.94,1482.09,1672.49,1458.0,0.0,0
2021-02-26 23:59:59.999,ETH,1d,1482.13,1445.28,1563.66,1401.01,0.0,0
2021-02-27 23:59:59.999,ETH,1d,1445.36,1458.65,1530.19,1425.5,0.0,0
2021-02-28 23:59:59.999,ETH,1d,1458.64,1419.77,1469.44,1292.8,0.0,0
2021-03-01 23:59:59.999,ETH,1d,1419.96,1571.2,1573.42,1411.1,0.0,0
2021-03-02 23:59:59.999,ETH,1d,1571.2,1486.28,1604.85,1455.3,0.0,0
2021-03-03 23:59:59.999,ETH,1d,1486.24,1568.63,1664.0,1475.0,0.0,0
2021-03-04 23:59:59.999,ETH,1d,1568.63,1540.69,1626.0,1506.99,0.0,0
2021-03-05 23:59:59.999,ETH,1d,1540.7,1529.88,1551.0,1441.57,0.0,0
2021-03-06 23:59:59.999,ETH,1d,1529.75,1651.73,1674.02,1515.16,0.0,0
2021-03-07 23:59:59.999,ETH,1d,1651.9,1727.23,1736.89,1631.59,0.0,0
2021-03-08 23:59:59.999,ETH,1d,1727.73,1834.3,1844.57,1667.86,0.0,0
2021-03-09 23:59:59.999,ETH,1d,1834.47,1873.31,1873.86,1801.0,0.0,0
2021-03-10 23:59:59.999,ETH,1d,1873.37,1796.8,1882.59,1760.0,0.0,0
2021-03-11 23:59:59.999,ETH,1d,1796.8,1829.0,1850.07,1725.96,0.0,0
2021-03-12 23:59:59.999,ETH,1d,1828.96,1767.44,1846.59,1719.92,0.0,0
2021-03-13 23:59:59.999,ETH,1d,1767.32,1924.94,1948.75,1729.33,0.0,0
2021-03-14 23:59:59.999,ETH,1d,1924.94,1850.54,1935.88,1836.0,0.0,0
2021-03-15 23:59:59.999,ETH,1d,1850.5,1794.89,1896.3,1729.2,0.0,0
2021-03-16 23:59:59.999,ETH,1d,1795.09,1807.25,1819.76,1712.0,0.0,0
2021-03-17 23:59:59.999,ETH,1d,1807.25,1825.77,1841.86,1741.95,0.0,0
2021-03-18 23:59:59.999,ETH,1d,1825.94,1777.54,1853.0,1758.48,0.0,0
2021-03-19 23:59:59.999,ETH,1d,1777.55,1811.04,1844.32,1733.09,0.0,0
2021-03-20 23:59:59.999,ETH,1d,1811.04,1807.35,1873.84,1802.5,0.0,0
2021-03-21 23:59:59.999,ETH,1d,1807.43,1784.67,1818.61,1745.02,0.0,0
2021-03-22 23:59:59.999,ETH,1d,1784.78,1681.69,1809.59,1653.67,0.0,0
2021-03-23 23:59:59.999,ETH,1d,1681.66,1669.33,1722.52,1652.58,0.0,0
2021-03-24 23:59:59.999,ETH,1d,1669.33,1582.11,1742.43,1540.22,0.0,0
2021-03-25 23:59:59.999,ETH,1d,1582.01,1587.5,1622.54,1548.56,0.0,0
2021-03-26 23:59:59.999,ETH,1d,1587.44,1699.13,1701.19,1587.03,0.0,0
2021-03-27 23:59:59.999,ETH,1d,1699.21,1714.34,1734.88,1668.3,0.0,0
2021-03-28 23:59:59.999,ETH,1d,1714.14,1688.3,1727.5,1662.54,0.0,0
2021-03-29 23:59:59.999,ETH,1d,1688.31,1818.44,1845.0,1680.04,0.0,0
2021-03-30 23:59:59.999,ETH,1d,1818.43,1843.43,1863.79,1788.3,0.0,0
2021-03-31 23:59:59.999,ETH,1d,1843.43,1923.07,1952.98,1771.85,0.0,0
2021-04-01 23:59:59.999,ETH,1d,1923.07,1969.74,1989.11,1882.1,0.0,0
2021-04-02 23:59:59.999,ETH,1d,1969.75,2138.01,2150.0,1949.94,0.0,0
2021-04-03 23:59:59.999,ETH,1d,2138.01,2012.63,2144.17,2002.0,0.0,0
2021-04-04 23:59:59.999,ETH,1d,2012.64,2077.73,2093.72,1980.0,0.0,0
2021-04-05 23:59:59.999,ETH,1d,2077.85,2110.35,2138.61,2002.16,0.0,0
2021-04-06 23:59:59.999,ETH,1d,2110.39,2114.47,2161.02,2043.89,0.0,0
2021-04-07 23:59:59.999,ETH,1d,2114.48,1965.4,2133.02,1930.1,0.0,0
2021-04-08 23:59:59.999,ETH,1d,1965.4,2082.08,2086.67,1950.0,0.0,0
2021-04-09 23:59:59.999,ETH,1d,2082.02,2068.02,2104.83,2052.0,0.0,0
2021-04-10 23:59:59.999,ETH,1d,2068.02,2135.96,2211.94,2059.03,0.0,0
2021-04-11 23:59:59.999,ETH,1d,2135.99,2155.05,2171.07,2115.56,0.0,0
2021-04-12 23:59:59.999,ETH,1d,2155.07,2139.25,2209.99,2101.96,0.0,0
2021-04-13 23:59:59.999,ETH,1d,2139.24,2303.15,2324.0,2137.21,0.0,0
2021-04-14 23:59:59.999,ETH,1d,2303.15,2437.08,2450.0,2286.04,0.0,0
2021-04-15 23:59:59.999,ETH,1d,2436.74,2519.85,2548.6,2403.14,0.0,0
2021-04-16 23:59:59.999,ETH,1d,2519.85,2427.29,2553.0,2298.23,0.0,0
2021-04-17 23:59:59.999,ETH,1d,2427.29,2319.8,2499.26,2314.49,0.0,0
2021-04-18 23:59:59.999,ETH,1d,2319.93,2235.32,2341.91,1900.0,0.0,0
2021-04-19 23:59:59.999,ETH,1d,2235.32,2162.75,2278.58,2079.12,0.0,0
2021-04-20 23:59:59.999,ETH,1d,2162.76,2329.96,2347.0,2052.42,0.0,0
2021-04-21 23:59:59.999,ETH,1d,2330.07,2358.9,2470.0,2238.96,0.0,0
2021-04-22 23:59:59.999,ETH,1d,2359.41,2398.94,2645.63,2305.0,0.0,0
2021-04-23 23:59:59.999,ETH,1d,2399.2,2368.67,2443.66,2110.0,0.0,0
2021-04-24 23:59:59.999,ETH,1d,2368.66,2215.54,2370.04,2156.58,0.0,0
2021-04-25 23:59:59.999,ETH,1d,2215.55,2320.71,2357.0,2162.9,0.0,0
2021-04-26 23:59:59.999,ETH,1d,2320.71,2534.25,2545.5,2303.42,0.0,0
2021-04-27 23:59:59.999,ETH,1d,2534.17,2668.39,2683.42,2481.43,0.0,0
2021-04-28 23:59:59.999,ETH,1d,2668.28,2748.33,2762.1,2562.83,0.0,0
2021-04-29 23:59:59.999,ETH,1d,2748.33,2759.14,2798.0,2668.87,0.0,0
2021-04-30 23:59:59.999,ETH,1d,2759.15,2773.15,2803.55,2726.88,0.0,0
2021-05-01 23:59:59.999,ETH,1d,2773.16,2947.01,2958.91,2754.04,0.0,0
2021-05-02 23:59:59.999,ETH,1d,2947.0,2950.98,2986.97,2856.7,0.0,0
2021-05-03 23:59:59.999,ETH,1d,2950.91,3433.36,3459.8,2950.7,0.0,0
2021-05-04 23:59:59.999,ETH,1d,3433.7,3243.67,3529.64,3160.01,0.0,0
2021-05-05 23:59:59.999,ETH,1d,3243.65,3528.49,3552.74,3211.0,0.0,0
2021-05-06 23:59:59.999,ETH,1d,3528.74,3493.16,3616.0,3380.25,0.0,0
2021-05-07 23:59:59.999,ETH,1d,3493.17,3480.98,3592.0,3355.0,0.0,0
2021-05-08 23:59:59.999,ETH,1d,3480.98,3914.47,3964.83,3451.74,0.0,0
2021-05-09 23:59:59.999,ETH,1d,3914.95,3928.01,3985.55,3730.0,0.0,0
2021-05-10 23:59:59.999,ETH,1d,3927.83,3950.33,4214.92,3658.0,0.0,0
2021-05-11 23:59:59.999,ETH,1d,3950.32,4175.91,4183.52,3778.17,0.0,0
2021-05-12 23:59:59.999,ETH,1d,4175.85,3828.99,4379.18,3723.43,0.0,0
2021-05-13 23:59:59.999,ETH,1d,3829.89,3719.45,4036.45,3491.53,0.0,0
2021-05-14 23:59:59.999,ETH,1d,3719.44,4079.99,4175.0,3692.99,0.0,0
2021-05-15 23:59:59.999,ETH,1d,4079.98,3648.98,4137.21,3634.44,0.0,0
2021-05-16 23:59:59.999,ETH,1d,3649.01,3581.39,3882.76,3348.0,0.0,0
2021-05-17 23:59:59.999,ETH,1d,3581.39,3283.58,3587.0,3125.0,0.0,0
2021-05-18 23:59:59.999,ETH,1d,3283.23,3376.35,3570.27,3240.06,0.0,0
2021-05-19 23:59:59.999,ETH,1d,3377.03,2442.98,3446.24,1400.73,0.0,0
2021-05-20 23:59:59.999,ETH,1d,2444.02,2768.42,2990.85,2150.0,0.0,0
2021-05-21 23:59:59.999,ETH,1d,2768.42,2431.01,2940.0,2097.99,0.0,0
2021-05-22 23:59:59.999,ETH,1d,2431.24,2295.15,2489.65,2151.63,0.0,0
2021-05-23 23:59:59.999,ETH,1d,2295.46,2096.63,2383.41,1728.85,0.0,0
2021-05-24 23:59:59.999,ETH,1d,2096.62,2649.27,2675.0,2079.0,0.0,0
2021-05-25 23:59:59.999,ETH,1d,2649.49,2706.83,2750.0,2380.6,0.0,0
2021-05-26 23:59:59.999,ETH,1d,2706.82,2884.27,2913.0,2642.87,0.0,0
2021-05-27 23:59:59.999,ETH,1d,2884.16,2742.77,2893.03,2634.0,0.0,0
2021-05-28 23:59:59.999,ETH,1d,2742.77,2411.66,2763.57,2324.48,0.0,0
2021-05-29 23:59:59.999,ETH,1d,2411.65,2277.99,2577.04,2208.04,0.0,0
2021-05-30 23:59:59.999,ETH,1d,2277.99,2386.11,2476.83,2179.13,0.0,0
2021-05-31 23:59:59.999,ETH,1d,2386.11,2706.33,2721.51,2271.46,0.0,0
2021-06-01 23:59:59.999,ETH,1d,2706.46,2634.63,2741.45,2523.82,0.0,0
2021-06-02 23:59:59.999,ETH,1d,2634.61,2707.22,2804.04,2551.03,0.0,0
2021-06-03 23:59:59.999,ETH,1d,2707.03,2858.34,2892.23,2662.0,0.0,0
2021-06-04 23:59:59.999,ETH,1d,2858.34,2689.21,2861.53,2540.61,0.0,0
2021-06-05 23:59:59.999,ETH,1d,2689.41,2627.45,2817.43,2550.77,0.0,0
2021-06-06 23:59:59.999,ETH,1d,2627.44,2711.4,2744.0,2613.11,0.0,0
2021-06-07 23:59:59.999,ETH,1d,2711.3,2592.96,2849.65,2569.3,0.0,0
2021-06-08 23:59:59.999,ETH,1d,2592.51,2506.19,2621.27,2305.5,0.0,0
2021-06-09 23:59:59.999,ETH,1d,2506.13,2610.2,2627.38,2404.01,0.0,0
2021-06-10 23:59:59.999,ETH,1d,2610.2,2471.11,2624.79,2423.36,0.0,0
2021-06-11 23:59:59.999,ETH,1d,2471.05,2354.25,2497.94,2320.0,0.0,0
2021-06-12 23:59:59.999,ETH,1d,2354.25,2370.59,2452.79,2255.42,0.0,0
2021-06-13 23:59:59.999,ETH,1d,2370.61,2508.71,2548.0,2307.41,0.0,0
2021-06-14 23:59:59.999,ETH,1d,2508.56,2579.82,2608.53,2460.0,0.0,0
2021-06-15 23:59:59.999,ETH,1d,2579.8,2544.17,2639.99,2506.81,0.0,0
2021-06-16 23:59:59.999,ETH,1d,2544.28,2366.84,2557.54,2350.0,0.0,0
2021-06-17 23:59:59.999,ETH,1d,2366.84,2372.51,2459.77,2304.15,0.0,0
2021-06-18 23:59:59.999,ETH,1d,2372.5,2231.68,2376.94,2135.04,0.0,0
2021-06-19 23:59:59.999,ETH,1d,2231.68,2163.36,2280.0,2160.0,0.0,0
2021-06-20 23:59:59.999,ETH,1d,2163.36,2242.7,2277.0,2038.94,0.0,0
2021-06-21 23:59:59.999,ETH,1d,2242.7,1884.77,2259.27,1864.36,0.0,0
2021-06-22 23:59:59.999,ETH,1d,1884.75,1878.46,1997.8,1698.64,0.0,0
2021-06-23 23:59:59.999,ETH,1d,1878.46,1966.51,2044.35,1820.3,0.0,0
2021-06-24 23:59:59.999,ETH,1d,1966.48,1989.5,2036.0,1883.47,0.0,0
2021-06-25 23:59:59.999,ETH,1d,1989.5,1808.0,2020.0,1790.0,0.0,0
2021-06-26 23:59:59.999,ETH,1d,1808.0,1828.88,1852.95,1715.0,0.0,0
2021-06-27 23:59:59.999,ETH,1d,1828.86,1980.83,1984.61,1805.0,0.0,0
2021-06-28 23:59:59.999,ETH,1d,1981.0,2083.56,2146.91,1960.31,0.0,0
2021-06-29 23:59:59.999,ETH,1d,2083.55,2165.15,2244.33,2073.0,0.0,0
2021-06-30 23:59:59.999,ETH,1d,2165.03,2275.0,2290.0,2087.23,0.0,0
2021-07-01 23:59:59.999,ETH,1d,2274.99,2105.24,2275.68,2066.0,0.0,0
2021-07-02 23:59:59.999,ETH,1d,2105.23,2152.64,2160.0,2016.43,0.0,0
2021-07-03 23:59:59.999,ETH,1d,2152.64,2226.63,2239.0,2112.03,0.0,0
2021-07-04 23:59:59.999,ETH,1d,2226.71,2321.95,2390.0,2188.0,0.0,0
2021-07-05 23:59:59.999,ETH,1d,2322.13,2195.38,2324.22,2155.04,0.0,0
2021-07-06 23:59:59.999,ETH,1d,2195.38,2322.04,2349.92,2191.24,0.0,0
2021-07-07 23:59:59.999,ETH,1d,2321.82,2314.65,2410.0,2292.94,0.0,0
2021-07-08 23:59:59.999,ETH,1d,2314.64,2114.88,2326.58,2082.07,0.0,0
2021-07-09 23:59:59.999,ETH,1d,2114.81,2147.53,2189.27,2045.0,0.0,0
2021-07-10 23:59:59.999,ETH,1d,2147.4,2111.14,2195.0,2073.0,0.0,0
2021-07-11 23:59:59.999,ETH,1d,2111.14,2140.27,2175.0,2080.0,0.0,0
2021-07-12 23:59:59.999,ETH,1d,2140.26,2030.85,2167.95,2003.4,0.0,0
2021-07-13 23:59:59.999,ETH,1d,2030.78,1940.32,2048.97,1916.0,0.0,0
2021-07-14 23:59:59.999,ETH,1d,1940.31,1993.82,2018.55,1862.32,0.0,0
2021-07-15 23:59:59.999,ETH,1d,1993.82,1919.35,2042.1,1880.29,0.0,0
2021-07-16 23:59:59.999,ETH,1d,1919.36,1876.1,1965.85,1846.0,0.0,0
2021-07-17 23:59:59.999,ETH,1d,1876.09,1898.55,1919.0,1841.0,0.0,0
2021-07-18 23:59:59.999,ETH,1d,1898.55,1890.66,1994.26,1875.0,0.0,0
2021-07-19 23:59:59.999,ETH,1d,1890.8,1818.4,1917.82,1801.0,0.0,0
2021-07-20 23:59:59.999,ETH,1d,1818.4,1785.04,1841.34,1715.0,0.0,0
2021-07-21 23:59:59.999,ETH,1d,1785.2,1995.49,2038.0,1752.35,0.0,0
2021-07-22 23:59:59.999,ETH,1d,1995.5,2023.55,2046.0,1945.0,0.0,0
2021-07-23 23:59:59.999,ETH,1d,2024.0,2124.33,2131.96,1995.02,0.0,0
2021-07-24 23:59:59.999,ETH,1d,2124.34,2183.53,2198.0,2105.4,0.0,0
2021-07-25 23:59:59.999,ETH,1d,2183.54,2188.11,2197.0,2106.12,0.0,0
2021-07-26 23:59:59.999,ETH,1d,2188.15,2227.41,2433.53,2170.03,0.0,0
2021-07-27 23:59:59.999,ETH,1d,2227.44,2298.04,2319.0,2150.0,0.0,0
2021-07-28 23:59:59.999,ETH,1d,2298.05,2300.08,2345.54,2242.2,0.0,0
2021-07-29 23:59:59.999,ETH,1d,2300.12,2382.45,2406.44,2263.33,0.0,0
2021-07-30 23:59:59.999,ETH,1d,2382.45,2461.72,2473.99,2316.03,0.0,0
2021-07-31 23:59:59.999,ETH,1d,2461.52,2530.49,2553.8,2421.76,0.0,0
2021-08-01 23:59:59.999,ETH,1d,2530.37,2554.71,2699.0,2511.88,0.0,0
2021-08-02 23:59:59.999,ETH,1d,2554.72,2607.09,2666.91,2506.11,0.0,0
2021-08-03 23:59:59.999,ETH,1d,2607.09,2506.87,2633.27,2441.0,0.0,0
2021-08-04 23:59:59.999,ETH,1d,2506.5,2725.0,2775.06,2456.83,0.0,0
2021-08-05 23:59:59.999,ETH,1d,2725.0,2826.8,2845.9,2527.0,0.0,0
2021-08-06 23:59:59.999,ETH,1d,2826.81,2892.3,2948.36,2720.31,0.0,0
2021-08-07 23:59:59.999,ETH,1d,2892.29,3163.26,3176.0,2865.45,0.0,0
2021-08-08 23:59:59.999,ETH,1d,3163.26,3014.06,3195.67,2950.45,0.0,0
2021-08-09 23:59:59.999,ETH,1d,3014.06,3163.43,3190.8,2890.03,0.0,0
2021-08-10 23:59:59.999,ETH,1d,3163.43,3143.98,3239.13,3053.24,0.0,0
2021-08-11 23:59:59.999,ETH,1d,3143.97,3161.52,3279.78,3120.69,0.0,0
2021-08-12 23:59:59.999,ETH,1d,3161.52,3046.74,3241.57,2981.0,0.0,0
2021-08-13 23:59:59.999,ETH,1d,3046.63,3324.12,3332.88,3034.35,0.0,0
2021-08-14 23:59:59.999,ETH,1d,3324.12,3266.31,3337.99,3210.0,0.0,0
2021-08-15 23:59:59.999,ETH,1d,3266.31,3312.31,3326.0,3109.0,0.0,0
2021-08-16 23:59:59.999,ETH,1d,3312.31,3146.83,3343.0,3133.33,0.0,0
2021-08-17 23:59:59.999,ETH,1d,3146.82,3014.64,3294.23,2992.0,0.0,0
2021-08-18 23:59:59.999,ETH,1d,3014.63,3014.25,3125.92,2950.0,0.0,0
2021-08-19 23:59:59.999,ETH,1d,3014.31,3186.8,3194.0,2958.8,0.0,0
2021-08-20 23:59:59.999,ETH,1d,3186.76,3286.62,3308.26,3180.0,0.0,0
2021-08-21 23:59:59.999,ETH,1d,3286.65,3226.4,3313.9,3207.12,0.0,0
2021-08-22 23:59:59.999,ETH,1d,3226.39,3241.29,3276.42,3124.35,0.0,0
2021-08-23 23:59:59.999,ETH,1d,3241.29,3323.01,3383.0,3233.07,0.0,0
2021-08-24 23:59:59.999,ETH,1d,3323.0,3173.98,3362.0,3145.0,0.0,0
2021-08-25 23:59:59.999,ETH,1d,3173.99,3227.9,3249.0,3078.52,0.0,0
2021-08-26 23:59:59.999,ETH,1d,3227.9,3093.77,3254.0,3052.0,0.0,0
2021-08-27 23:59:59.999,ETH,1d,3093.81,3273.91,3283.0,3061.44,0.0,0
2021-08-28 23:59:59.999,ETH,1d,3274.12,3247.29,3288.22,3209.93,0.0,0
2021-08-29 23:59:59.999,ETH,1d,3247.47,3225.47,3291.7,3150.5,0.0,0
2021-08-30 23:59:59.999,ETH,1d,3225.47,3230.43,3350.0,3142.38,0.0,0
2021-08-31 23:59:59.999,ETH,1d,3230.42,3430.49,3478.0,3187.85,0.0,0
2021-09-01 23:59:59.999,ETH,1d,3430.49,3831.44,3849.0,3381.23,0.0,0
2021-09-02 23:59:59.999,ETH,1d,3831.42,3788.95,3843.21,3723.87,0.0,0
2021-09-03 23:59:59.999,ETH,1d,3788.94,3942.79,4036.44,3710.77,0.0,0
2021-09-04 23:59:59.999,ETH,1d,3942.83,3889.71,3976.59,3835.0,0.0,0
2021-09-05 23:59:59.999,ETH,1d,3889.95,3952.56,3991.25,3837.0,0.0,0
2021-09-06 23:59:59.999,ETH,1d,3952.56,3929.0,3976.6,3864.27,0.0,0
2021-09-07 23:59:59.999,ETH,1d,3929.01,3435.0,3952.53,2923.0,0.0,0
2021-09-08 23:59:59.999,ETH,1d,3435.0,3497.99,3562.25,3217.01,0.0,0
2021-09-09 23:59:59.999,ETH,1d,3497.68,3426.42,3570.34,3390.0,0.0,0
2021-09-10 23:59:59.999,ETH,1d,3426.43,3209.84,3517.91,3143.2,0.0,0
2021-09-11 23:59:59.999,ETH,1d,3209.85,3267.23,3349.17,3199.26,0.0,0
2021-09-12 23:59:59.999,ETH,1d,3267.28,3405.21,3474.95,3230.84,0.0,0
2021-09-13 23:59:59.999,ETH,1d,3405.65,3284.41,3432.12,3107.02,0.0,0
2021-09-14 23:59:59.999,ETH,1d,3284.17,3435.42,3438.0,3269.25,0.0,0
2021-09-15 23:59:59.999,ETH,1d,3435.29,3614.72,3620.0,3358.08,0.0,0
2021-09-16 23:59:59.999,ETH,1d,3614.71,3570.46,3678.0,3482.0,0.0,0
2021-09-17 23:59:59.999,ETH,1d,3570.46,3400.99,3597.52,3350.0,0.0,0
2021-09-18 23:59:59.999,ETH,1d,3401.0,3435.35,3546.0,3370.25,0.0,0
2021-09-19 23:59:59.999,ETH,1d,3435.36,3328.72,3459.0,3275.0,0.0,0
2021-09-20 23:59:59.999,ETH,1d,3328.99,2978.34,3347.99,2907.07,0.0,0
2021-09-21 23:59:59.999,ETH,1d,2978.34,2765.48,3108.17,2647.8,0.0,0
2021-09-22 23:59:59.999,ETH,1d,2765.47,3076.62,3088.88,2736.57,0.0,0
2021-09-23 23:59:59.999,ETH,1d,3076.62,3150.7,3173.99,3032.77,0.0,0
2021-09-24 23:59:59.999,ETH,1d,3150.7,2926.37,3157.5,2731.0,0.0,0
2021-09-25 23:59:59.999,ETH,1d,2926.36,2921.08,2967.32,2800.0,0.0,0
2021-09-26 23:59:59.999,ETH,1d,2921.08,3057.63,3116.84,2737.19,0.0,0
2021-09-27 23:59:59.999,ETH,1d,3057.62,2923.6,3163.9,2920.22,0.0,0
2021-09-28 23:59:59.999,ETH,1d,2923.59,2803.5,2969.0,2781.0,0.0,0
2021-09-29 23:59:59.999,ETH,1d,2803.34,2848.38,2949.0,2780.0,0.0,0
2021-09-30 23:59:59.999,ETH,1d,2848.38,2999.45,3049.3,2835.29,0.0,0
2021-10-01 23:59:59.999,ETH,1d,2999.45,3308.58,3331.56,2967.1,0.0,0
2021-10-02 23:59:59.999,ETH,1d,3308.59,3387.25,3471.58,3257.05,0.0,0
2021-10-03 23:59:59.999,ETH,1d,3387.24,3418.25,3489.22,3340.0,0.0,0
2021-10-04 23:59:59.999,ETH,1d,3418.21,3386.12,3440.0,3268.81,0.0,0
2021-10-05 23:59:59.999,ETH,1d,3386.12,3517.64,3549.9,3363.56,0.0,0
2021-10-06 23:59:59.999,ETH,1d,3517.64,3576.85,3638.0,3339.67,0.0,0
2021-10-07 23:59:59.999,ETH,1d,3576.9,3589.85,3659.98,3470.37,0.0,0
2021-10-08 23:59:59.999,ETH,1d,3589.85,3563.81,3675.41,3531.0,0.0,0
2021-10-09 23:59:59.999,ETH,1d,3563.82,3577.8,3639.0,3538.1,0.0,0
2021-10-10 23:59:59.999,ETH,1d,3577.65,3415.01,3607.55,3402.12,0.0,0
2021-10-11 23:59:59.999,ETH,1d,3415.01,3543.1,3629.0,3368.0,0.0,0
2021-10-12 23:59:59.999,ETH,1d,3543.09,3492.91,3549.82,3404.0,0.0,0
2021-10-13 23:59:59.999,ETH,1d,3492.9,3610.05,3618.0,3412.29,0.0,0
2021-10-14 23:59:59.999,ETH,1d,3610.24,3794.19,3830.0,3590.02,0.0,0
2021-10-15 23:59:59.999,ETH,1d,3794.18,3872.71,3915.0,3737.13,0.0,0
2021-10-16 23:59:59.999,ETH,1d,3872.7,3833.3,3980.0,3801.38,0.0,0
2021-10-17 23:59:59.999,ETH,1d,3833.29,3851.01,3925.95,3634.32,0.0,0
2021-10-18 23:59:59.999,ETH,1d,3851.17,3748.31,3898.94,3675.5,0.0,0
2021-10-19 23:59:59.999,ETH,1d,3748.1,3881.48,3893.0,3734.93,0.0,0
2021-10-20 23:59:59.999,ETH,1d,3881.49,4164.14,4173.5,3830.0,0.0,0
2021-10-21 23:59:59.999,ETH,1d,4164.13,4057.26,4389.6,4006.83,0.0,0
2021-10-22 23:59:59.999,ETH,1d,4057.26,3975.56,4172.52,3888.0,0.0,0
2021-10-23 23:59:59.999,ETH,1d,3975.55,4170.5,4177.27,3940.6,0.0,0
2021-10-24 23:59:59.999,ETH,1d,4170.5,4084.61,4191.72,3962.86,0.0,0
2021-10-25 23:59:59.999,ETH,1d,4084.6,4224.14,4240.03,4071.37,0.0,0
2021-10-26 23:59:59.999,ETH,1d,4224.13,4133.39,4306.61,4092.0,0.0,0
2021-10-27 23:59:59.999,ETH,1d,4133.37,3923.57,4319.0,3900.0,0.0,0
2021-10-28 23:59:59.999,ETH,1d,3923.58,4288.96,4300.0,3887.75,0.0,0
2021-10-29 23:59:59.999,ETH,1d,4288.91,4421.53,4467.89,4269.16,0.0,0
2021-10-30 23:59:59.999,ETH,1d,4421.53,4324.82,4438.85,4230.55,0.0,0
2021-10-31 23:59:59.999,ETH,1d,4324.82,4288.86,4399.22,4161.0,0.0,0
2021-11-01 23:59:59.999,ETH,1d,4288.87,4322.72,4385.57,4145.0,0.0,0
2021-11-02 23:59:59.999,ETH,1d,4322.72,4593.88,4604.96,4286.67,0.0,0
2021-11-03 23:59:59.999,ETH,1d,4593.17,4606.59,4676.0,4456.0,0.0,0
2021-11-04 23:59:59.999,ETH,1d,4606.59,4535.37,4611.23,4423.09,0.0,0
2021-11-05 23:59:59.999,ETH,1d,4535.38,4477.29,4575.0,4445.1,0.0,0
2021-11-06 23:59:59.999,ETH,1d,4477.29,4521.4,4538.29,4325.91,0.0,0
2021-11-07 23:59:59.999,ETH,1d,4521.7,4616.5,4642.76,4505.41,0.0,0
2021-11-08 23:59:59.999,ETH,1d,4616.51,4814.3,4830.66,4615.21,0.0,0
2021-11-09 23:59:59.999,ETH,1d,4814.13,4734.98,4844.97,4714.83,0.0,0
2021-11-10 23:59:59.999,ETH,1d,4734.99,4632.21,4877.54,4450.0,0.0,0
2021-11-11 23:59:59.999,ETH,1d,4632.42,4721.19,4783.12,4580.9,0.0,0
2021-11-12 23:59:59.999,ETH,1d,4721.19,4665.99,4811.0,4508.0,0.0,0
2021-11-13 23:59:59.999,ETH,1d,4665.99,4644.42,4708.0,4585.11,0.0,0
2021-11-14 23:59:59.999,ETH,1d,4644.42,4629.44,4700.0,4515.84,0.0,0
2021-11-15 23:59:59.999,ETH,1d,4629.75,4567.01,4771.83,4541.44,0.0,0
2021-11-16 23:59:59.999,ETH,1d,4567.01,4209.42,4567.07,4077.0,0.0,0
2021-11-17 23:59:59.999,ETH,1d,4209.42,4287.99,4300.0,4062.0,0.0,0
2021-11-18 23:59:59.999,ETH,1d,4288.0,3997.72,4343.33,3957.96,0.0,0
2021-11-19 23:59:59.999,ETH,1d,3997.72,4293.44,4309.04,3973.14,0.0,0
2021-11-20 23:59:59.999,ETH,1d,4293.44,4412.55,4436.01,4202.24,0.0,0
2021-11-21 23:59:59.999,ETH,1d,4412.37,4259.23,4425.73,4242.0,0.0,0
2021-11-22 23:59:59.999,ETH,1d,4259.28,4086.57,4327.75,4019.35,0.0,0
2021-11-23 23:59:59.999,ETH,1d,4086.41,4341.36,4387.0,4059.55,0.0,0
2021-11-24 23:59:59.999,ETH,1d,4341.36,4271.29,4377.0,4170.38,0.0,0
2021-11-25 23:59:59.999,ETH,1d,4271.29,4527.86,4558.29,4250.34,0.0,0
2021-11-26 23:59:59.999,ETH,1d,4528.2,4040.66,4555.0,3911.0,0.0,0
2021-11-27 23:59:59.999,ETH,1d,4040.66,4095.33,4182.66,4027.32,0.0,0
2021-11-28 23:59:59.999,ETH,1d,4095.33,4296.6,4301.07,3958.58,0.0,0
2021-11-29 23:59:59.999,ETH,1d,4297.01,4445.1,4460.0,4280.0,0.0,0
2021-11-30 23:59:59.999,ETH,1d,4445.09,4631.51,4757.8,4347.9,0.0,0
2021-12-01 23:59:59.999,ETH,1d,4631.43,4586.66,4783.19,4528.5,0.0,0
2021-12-02 23:59:59.999,ETH,1d,4586.67,4514.32,4636.86,4435.76,0.0,0
2021-12-03 23:59:59.999,ETH,1d,4514.32,4213.66,4658.0,4004.0,0.0,0
2021-12-04 23:59:59.999,ETH,1d,4213.67,4115.79,4237.2,3388.15,0.0,0
2021-12-05 23:59:59.999,ETH,1d,4115.79,4197.53,4247.19,4033.0,0.0,0
2021-12-06 23:59:59.999,ETH,1d,4197.52,4345.2,4377.58,3920.0,0.0,0
2021-12-07 23:59:59.999,ETH,1d,4345.44,4305.82,4425.0,4255.27,0.0,0
2021-12-08 23:59:59.999,ETH,1d,4305.83,4435.33,4454.6,4224.98,0.0,0
2021-12-09 23:59:59.999,ETH,1d,4435.7,4103.8,4490.97,4075.0,0.0,0
2021-12-10 23:59:59.999,ETH,1d,4103.8,3895.95,4232.0,3882.84,0.0,0
2021-12-11 23:59:59.999,ETH,1d,3895.85,4089.81,4094.82,3831.01,0.0,0
2021-12-12 23:59:59.999,ETH,1d,4088.86,4129.0,4173.37,3985.0,0.0,0
2021-12-13 23:59:59.999,ETH,1d,4129.16,3780.63,4142.0,3668.34,0.0,0
2021-12-14 23:59:59.999,ETH,1d,3780.33,3856.66,3879.13,3682.0,0.0,0
2021-12-15 23:59:59.999,ETH,1d,3856.67,4019.01,4096.0,3639.39,0.0,0
2021-12-16 23:59:59.999,ETH,1d,4019.01,3958.67,4118.47,3951.14,0.0,0
2021-12-17 23:59:59.999,ETH,1d,3958.7,3873.93,3992.99,3694.2,0.0,0
2021-12-18 23:59:59.999,ETH,1d,3872.98,3957.64,3997.39,3764.96,0.0,0
2021-12-19 23:59:59.999,ETH,1d,3957.65,3922.51,4034.99,3881.89,0.0,0
2021-12-20 23:59:59.999,ETH,1d,3922.51,3943.48,3981.48,3750.0,0.0,0
2021-12-21 23:59:59.999,ETH,1d,3943.64,4014.38,4063.0,3912.26,0.0,0
2021-12-22 23:59:59.999,ETH,1d,4014.38,3978.62,4074.99,3924.36,0.0,0
2021-12-23 23:59:59.999,ETH,1d,3978.63,4111.3,4153.71,3888.87,0.0,0
2021-12-24 23:59:59.999,ETH,1d,4111.31,4045.0,4133.38,4014.45,0.0,0
2021-12-25 23:59:59.999,ETH,1d,4045.19,4093.87,4138.47,4015.0,0.0,0
2021-12-26 23:59:59.999,ETH,1d,4093.88,4062.24,4104.84,4002.0,0.0,0
2021-12-27 23:59:59.999,ETH,1d,4062.4,4037.36,4126.0,4030.06,0.0,0
2021-12-28 23:59:59.999,ETH,1d,4037.35,3791.99,4037.36,3756.26,0.0,0
2021-12-29 23:59:59.999,ETH,1d,3792.0,3628.55,3825.91,3600.45,0.0,0
2021-12-30 23:59:59.999,ETH,1d,3628.49,3708.37,3766.71,3580.0,0.0,0
2021-12-31 23:59:59.999,ETH,1d,3708.45,3676.02,3814.95,3621.32,0.0,0
2022-01-01 23:59:59.999,ETH,1d,3676.01,3763.06,3776.33,3671.86,0.0,0
2022-01-02 23:59:59.999,ETH,1d,3763.05,3826.21,3860.0,3714.48,0.0,0
2022-01-03 23:59:59.999,ETH,1d,3826.1,3764.07,3850.0,3680.0,0.0,0
2022-01-04 23:59:59.999,ETH,1d,3764.07,3785.6,3893.19,3711.0,0.0,0
2022-01-05 23:59:59.999,ETH,1d,3785.6,3537.71,3847.18,3405.0,0.0,0
2022-01-06 23:59:59.999,ETH,1d,3537.81,3404.6,3549.11,3292.31,0.0,0
2022-01-07 23:59:59.999,ETH,1d,3404.61,3196.58,3415.35,3040.77,0.0,0
2022-01-08 23:59:59.999,ETH,1d,3196.58,3080.03,3248.03,2996.45,0.0,0
2022-01-09 23:59:59.999,ETH,1d,3079.86,3150.0,3209.4,3057.0,0.0,0
2022-01-10 23:59:59.999,ETH,1d,3149.99,3081.31,3179.16,2924.78,0.0,0
2022-01-11 23:59:59.999,ETH,1d,3081.25,3236.86,3262.66,3050.58,0.0,0
2022-01-12 23:59:59.999,ETH,1d,3236.86,3369.93,3411.0,3203.85,0.0,0
2022-01-13 23:59:59.999,ETH,1d,3369.92,3240.36,3408.89,3230.97,0.0,0
2022-01-14 23:59:59.999,ETH,1d,3240.32,3305.6,3342.63,3181.2,0.0,0
2022-01-15 23:59:59.999,ETH,1d,3305.61,3324.05,3372.0,3257.59,0.0,0
2022-01-16 23:59:59.999,ETH,1d,3324.06,3345.49,3394.62,3269.01,0.0,0
2022-01-17 23:59:59.999,ETH,1d,3345.5,3208.61,3355.3,3139.37,0.0,0
2022-01-18 23:59:59.999,ETH,1d,3208.6,3159.32,3243.95,3080.5,0.0,0
2022-01-19 23:59:59.999,ETH,1d,3159.31,3082.81,3174.6,3045.0,0.0,0
2022-01-20 23:59:59.999,ETH,1d,3082.8,2999.92,3272.24,2985.0,0.0,0
2022-01-21 23:59:59.999,ETH,1d,2999.92,2566.91,3031.9,2460.0,0.0,0
2022-01-22 23:59:59.999,ETH,1d,2566.91,2410.96,2625.6,2293.56,0.0,0
2022-01-23 23:59:59.999,ETH,1d,2410.57,2538.41,2549.0,2368.0,0.0,0
2022-01-24 23:59:59.999,ETH,1d,2538.4,2438.13,2539.59,2151.0,0.0,0
2022-01-25 23:59:59.999,ETH,1d,2437.87,2457.37,2504.98,2349.6,0.0,0
2022-01-26 23:59:59.999,ETH,1d,2457.37,2461.61,2720.06,2400.01,0.0,0
2022-01-27 23:59:59.999,ETH,1d,2461.62,2422.61,2520.0,2314.33,0.0,0
2022-01-28 23:59:59.999,ETH,1d,2422.61,2543.34,2556.93,2357.0,0.0,0
2022-01-29 23:59:59.999,ETH,1d,2543.34,2599.94,2658.41,2519.21,0.0,0
2022-01-30 23:59:59.999,ETH,1d,2599.93,2600.45,2644.93,2541.46,0.0,0
2022-01-31 23:59:59.999,ETH,1d,2600.45,2685.34,2706.47,2475.33,0.0,0
2022-02-01 23:59:59.999,ETH,1d,2685.34,2786.38,2812.94,2672.61,0.0,0
2022-02-02 23:59:59.999,ETH,1d,2786.37,2678.0,2810.0,2610.4,0.0,0
2022-02-03 23:59:59.999,ETH,1d,2678.47,2694.37,2722.99,2572.64,0.0,0
2022-02-04 23:59:59.999,ETH,1d,2694.2,2993.65,2995.0,2670.14,0.0,0
2022-02-05 23:59:59.999,ETH,1d,2993.64,3011.59,3059.91,2958.01,0.0,0
2022-02-06 23:59:59.999,ETH,1d,3011.58,3054.26,3075.0,2948.0,0.0,0
2022-02-07 23:59:59.999,ETH,1d,3054.26,3138.55,3185.99,2990.83,0.0,0
2022-02-08 23:59:59.999,ETH,1d,3138.55,3115.23,3246.65,3023.28,0.0,0
2022-02-09 23:59:59.999,ETH,1d,3115.23,3241.82,3269.16,3052.5,0.0,0
2022-02-10 23:59:59.999,ETH,1d,3241.79,3070.9,3282.96,3055.24,0.0,0
2022-02-11 23:59:59.999,ETH,1d,3070.89,2926.04,3136.55,2873.5,0.0,0
2022-02-12 23:59:59.999,ETH,1d,2926.03,2916.93,2983.62,2855.0,0.0,0
2022-02-13 23:59:59.999,ETH,1d,2917.04,2870.32,2952.66,2830.31,0.0,0
2022-02-14 23:59:59.999,ETH,1d,2870.33,2928.87,2964.44,2829.8,0.0,0
2022-02-15 23:59:59.999,ETH,1d,2928.87,3183.73,3198.0,2911.85,0.0,0
2022-02-16 23:59:59.999,ETH,1d,3183.74,3121.8,3186.79,3040.42,0.0,0
2022-02-17 23:59:59.999,ETH,1d,3121.8,2890.8,3158.68,2850.0,0.0,0
2022-02-18 23:59:59.999,ETH,1d,2890.75,2778.46,2941.94,2750.0,0.0,0
2022-02-19 23:59:59.999,ETH,1d,2778.46,2761.89,2829.99,2691.0,0.0,0
2022-02-20 23:59:59.999,ETH,1d,2761.9,2620.72,2762.89,2573.33,0.0,0
2022-02-21 23:59:59.999,ETH,1d,2620.72,2566.88,2758.0,2555.56,0.0,0
2022-02-22 23:59:59.999,ETH,1d,2566.88,2635.57,2670.0,2495.0,0.0,0
2022-02-23 23:59:59.999,ETH,1d,2635.57,2578.02,2752.38,2573.39,0.0,0
2022-02-24 23:59:59.999,ETH,1d,2578.02,2595.47,2777.33,2298.72,0.0,0
2022-02-25 23:59:59.999,ETH,1d,2595.47,2766.36,2835.0,2571.68,0.0,0
2022-02-26 23:59:59.999,ETH,1d,2766.42,2778.15,2882.0,2726.0,0.0,0
2022-02-27 23:59:59.999,ETH,1d,2778.15,2615.99,2836.21,2553.68,0.0,0
2022-02-28 23:59:59.999,ETH,1d,2615.99,2920.1,2966.0,2565.0,0.0,0
2022-03-01 23:59:59.999,ETH,1d,2920.05,2975.61,3036.0,2852.2,0.0,0
2022-03-02 23:59:59.999,ETH,1d,2975.61,2947.47,3046.46,2912.96,0.0,0
2022-03-03 23:59:59.999,ETH,1d,2947.48,2832.97,2970.0,2781.77,0.0,0
2022-03-04 23:59:59.999,ETH,1d,2832.98,2620.25,2835.9,2570.65,0.0,0
2022-03-05 23:59:59.999,ETH,1d,2620.25,2663.55,2684.87,2588.0,0.0,0
2022-03-06 23:59:59.999,ETH,1d,2663.55,2549.37,2674.61,2529.0,0.0,0
2022-03-07 23:59:59.999,ETH,1d,2549.36,2489.9,2650.0,2431.62,0.0,0
2022-03-08 23:59:59.999,ETH,1d,2489.84,2575.49,2623.0,2478.35,0.0,0
2022-03-09 23:59:59.999,ETH,1d,2575.5,2726.37,2773.17,2566.41,0.0,0
2022-03-10 23:59:59.999,ETH,1d,2726.37,2605.44,2733.37,2546.83,0.0,0
2022-03-11 23:59:59.999,ETH,1d,2605.43,2555.89,2676.2,2520.5,0.0,0
2022-03-12 23:59:59.999,ETH,1d,2555.9,2567.64,2620.0,2552.22,0.0,0
2022-03-13 23:59:59.999,ETH,1d,2567.63,2514.07,2604.13,2490.25,0.0,0
2022-03-14 23:59:59.999,ETH,1d,2513.77,2588.96,2609.32,2496.85,0.0,0
2022-03-15 23:59:59.999,ETH,1d,2588.96,2617.29,2668.8,2504.5,0.0,0
2022-03-16 23:59:59.999,ETH,1d,2617.29,2772.78,2789.86,2602.06,0.0,0
2022-03-17 23:59:59.999,ETH,1d,2772.78,2810.74,2839.0,2745.33,0.0,0
2022-03-18 23:59:59.999,ETH,1d,2810.75,2938.02,2984.72,2760.0,0.0,0
2022-03-19 23:59:59.999,ETH,1d,2938.03,2950.0,2992.0,2890.6,0.0,0
2022-03-20 23:59:59.999,ETH,1d,2949.9,2860.47,2965.0,2817.49,0.0,0
2022-03-21 23:59:59.999,ETH,1d,2860.53,2889.08,2960.0,2830.5,0.0,0
2022-03-22 23:59:59.999,ETH,1d,2889.07,2968.49,3055.9,2885.49,0.0,0
2022-03-23 23:59:59.999,ETH,1d,2968.48,3035.55,3043.69,2915.51,0.0,0
2022-03-24 23:59:59.999,ETH,1d,3035.54,3109.89,3129.75,3001.0,0.0,0
2022-03-25 23:59:59.999,ETH,1d,3109.89,3101.37,3195.0,3075.0,0.0,0
2022-03-26 23:59:59.999,ETH,1d,3101.37,3143.47,3152.24,3084.03,0.0,0
2022-03-27 23:59:59.999,ETH,1d,3143.47,3295.01,3299.33,3125.26,0.0,0
2022-03-28 23:59:59.999,ETH,1d,3295.01,3333.62,3430.0,3274.3,0.0,0
2022-03-29 23:59:59.999,ETH,1d,3333.62,3399.0,3480.0,3330.32,0.0,0
2022-03-30 23:59:59.999,ETH,1d,3399.0,3385.1,3447.74,3332.0,0.0,0
2022-03-31 23:59:59.999,ETH,1d,3385.09,3281.43,3444.6,3260.84,0.0,0
2022-04-01 23:59:59.999,ETH,1d,3281.43,3454.33,3483.12,3210.06,0.0,0
2022-04-02 23:59:59.999,ETH,1d,3454.33,3443.07,3533.0,3430.2,0.0,0
2022-04-03 23:59:59.999,ETH,1d,3443.06,3520.76,3580.0,3411.9,0.0,0
2022-04-04 23:59:59.999,ETH,1d,3520.65,3518.96,3551.55,3405.03,0.0,0
2022-04-05 23:59:59.999,ETH,1d,3518.97,3405.04,3554.99,3388.97,0.0,0
2022-04-06 23:59:59.999,ETH,1d,3405.03,3166.78,3406.08,3160.19,0.0,0
2022-04-07 23:59:59.999,ETH,1d,3166.77,3225.15,3267.58,3140.33,0.0,0
2022-04-08 23:59:59.999,ETH,1d,3225.0,3191.26,3315.0,3171.95,0.0,0
2022-04-09 23:59:59.999,ETH,1d,3191.27,3257.53,3269.62,3180.24,0.0,0
2022-04-10 23:59:59.999,ETH,1d,3257.54,3200.24,3307.21,3187.0,0.0,0
2022-04-11 23:59:59.999,ETH,1d,3200.24,2978.69,3212.0,2945.08,0.0,0
2022-04-12 23:59:59.999,ETH,1d,2978.69,3026.3,3082.0,2948.19,0.0,0
2022-04-13 23:59:59.999,ETH,1d,3026.31,3116.45,3133.0,2995.23,0.0,0
2022-04-14 23:59:59.999,ETH,1d,3116.53,3019.82,3148.0,2973.47,0.0,0
2022-04-15 23:59:59.999,ETH,1d,3019.82,3039.19,3062.81,2990.06,0.0,0
2022-04-16 23:59:59.999,ETH,1d,3039.2,3057.99,3090.0,3008.08,0.0,0
2022-04-17 23:59:59.999,ETH,1d,3058.0,2986.03,3082.56,2980.6,0.0,0
2022-04-18 23:59:59.999,ETH,1d,2986.02,3054.02,3069.0,2875.87,0.0,0
2022-04-19 23:59:59.999,ETH,1d,3054.02,3100.42,3129.43,3027.66,0.0,0
2022-04-20 23:59:59.999,ETH,1d,3100.43,3074.01,3173.89,3031.48,0.0,0
2022-04-21 23:59:59.999,ETH,1d,3073.96,2981.31,3180.0,2933.33,0.0,0
2022-04-22 23:59:59.999,ETH,1d,2981.31,2960.38,3035.37,2930.26,0.0,0
2022-04-23 23:59:59.999,ETH,1d,2960.39,2930.28,2976.82,2904.36,0.0,0
2022-04-24 23:59:59.999,ETH,1d,2930.28,2918.97,2967.2,2908.99,0.0,0
2022-04-25 23:59:59.999,ETH,1d,2918.98,3006.11,3026.02,2791.3,0.0,0
2022-04-26 23:59:59.999,ETH,1d,3006.12,2807.88,3043.0,2761.27,0.0,0
2022-04-27 23:59:59.999,ETH,1d,2807.89,2887.57,2920.0,2792.27,0.0,0
2022-04-28 23:59:59.999,ETH,1d,2887.57,2935.39,2979.76,2853.24,0.0,0
2022-04-29 23:59:59.999,ETH,1d,2935.39,2815.37,2946.29,2776.0,0.0,0
2022-04-30 23:59:59.999,ETH,1d,2815.38,2725.1,2841.04,2711.65,0.0,0
2022-05-01 23:59:59.999,ETH,1d,2725.1,2823.38,2849.0,2714.5,0.0,0
2022-05-02 23:59:59.999,ETH,1d,2823.38,2855.16,2882.15,2774.97,0.0,0
2022-05-03 23:59:59.999,ETH,1d,2855.15,2780.91,2860.76,2753.0,0.0,0
2022-05-04 23:59:59.999,ETH,1d,2780.92,2939.76,2965.0,2770.08,0.0,0
2022-05-05 23:59:59.999,ETH,1d,2939.76,2746.37,2955.79,2684.84,0.0,0
2022-05-06 23:59:59.999,ETH,1d,2746.36,2691.59,2757.28,2630.0,0.0,0
2022-05-07 23:59:59.999,ETH,1d,2691.6,2634.82,2703.61,2581.89,0.0,0
2022-05-08 23:59:59.999,ETH,1d,2634.82,2518.9,2641.11,2480.0,0.0,0
2022-05-09 23:59:59.999,ETH,1d,2519.03,2227.48,2530.88,2222.46,0.0,0
2022-05-10 23:59:59.999,ETH,1d,2227.62,2340.86,2455.88,2197.38,0.0,0
2022-05-11 23:59:59.999,ETH,1d,2340.85,2083.98,2451.86,2002.0,0.0,0
2022-05-12 23:59:59.999,ETH,1d,2083.98,1959.78,2193.7,1775.43,0.0,0
2022-05-13 23:59:59.999,ETH,1d,1959.79,2008.49,2149.99,1939.33,0.0,0
2022-05-14 23:59:59.999,ETH,1d,2008.48,2055.0,2068.6,1950.07,0.0,0
2022-05-15 23:59:59.999,ETH,1d,2054.99,2144.07,2174.32,2000.0,0.0,0
2022-05-16 23:59:59.999,ETH,1d,2144.06,2022.89,2144.07,1976.0,0.0,0
2022-05-17 23:59:59.999,ETH,1d,2022.79,2090.0,2124.1,2006.71,0.0,0
2022-05-18 23:59:59.999,ETH,1d,2090.0,1914.2,2110.89,1906.61,0.0,0
2022-05-19 23:59:59.999,ETH,1d,1914.19,2019.46,2039.3,1901.7,0.0,0
2022-05-20 23:59:59.999,ETH,1d,2019.45,1958.69,2064.74,1922.0,0.0,0
2022-05-21 23:59:59.999,ETH,1d,1958.69,1973.94,1990.75,1935.52,0.0,0
2022-05-22 23:59:59.999,ETH,1d,1973.94,2042.63,2056.73,1965.25,0.0,0
2022-05-23 23:59:59.999,ETH,1d,2042.63,1972.45,2088.6,1955.01,0.0,0
2022-05-24 23:59:59.999,ETH,1d,1972.45,1978.56,1993.72,1911.38,0.0,0
2022-05-25 23:59:59.999,ETH,1d,1978.56,1942.0,2022.74,1933.0,0.0,0
2022-05-26 23:59:59.999,ETH,1d,1942.01,1791.02,1965.28,1725.0,0.0,0
2022-05-27 23:59:59.999,ETH,1d,1790.99,1726.55,1821.85,1694.97,0.0,0
2022-05-28 23:59:59.999,ETH,1d,1726.55,1791.74,1809.33,1721.3,0.0,0
2022-05-29 23:59:59.999,ETH,1d,1791.75,1812.45,1829.0,1755.25,0.0,0
2022-05-30 23:59:59.999,ETH,1d,1812.46,1997.87,2013.56,1801.52,0.0,0
2022-05-31 23:59:59.999,ETH,1d,1997.87,1941.68,2016.77,1922.0,0.0,0
2022-06-01 23:59:59.999,ETH,1d,1941.68,1817.1,1972.77,1758.52,0.0,0
2022-06-02 23:59:59.999,ETH,1d,1817.16,1833.37,1852.99,1780.48,0.0,0
2022-06-03 23:59:59.999,ETH,1d,1833.37,1774.15,1843.33,1733.01,0.0,0
2022-06-04 23:59:59.999,ETH,1d,1774.16,1803.71,1815.48,1747.45,0.0,0
2022-06-05 23:59:59.999,ETH,1d,1803.7,1805.39,1830.0,1772.19,0.0,0
2022-06-06 23:59:59.999,ETH,1d,1805.4,1859.11,1919.33,1803.52,0.0,0
2022-06-07 23:59:59.999,ETH,1d,1859.1,1812.61,1875.0,1722.0,0.0,0
2022-06-08 23:59:59.999,ETH,1d,1812.62,1791.02,1840.13,1763.87,0.0,0
2022-06-09 23:59:59.999,ETH,1d,1791.01,1788.03,1832.7,1776.32,0.0,0
2022-06-10 23:59:59.999,ETH,1d,1788.03,1661.95,1803.82,1650.0,0.0,0
2022-06-11 23:59:59.999,ETH,1d,1661.95,1532.19,1680.97,1498.93,0.0,0
2022-06-12 23:59:59.999,ETH,1d,1532.19,1434.35,1548.81,1421.0,0.0,0
2022-06-13 23:59:59.999,ETH,1d,1434.35,1209.04,1454.58,1162.0,0.0,0
2022-06-14 23:59:59.999,ETH,1d,1209.03,1208.32,1268.9,1073.0,0.0,0
2022-06-15 23:59:59.999,ETH,1d,1208.32,1236.49,1249.4,1012.42,0.0,0
2022-06-16 23:59:59.999,ETH,1d,1236.48,1067.77,1257.29,1050.51,0.0,0
2022-06-17 23:59:59.999,ETH,1d,1067.77,1085.99,1118.0,1050.0,0.0,0
2022-06-18 23:59:59.999,ETH,1d,1085.99,994.09,1097.0,878.04,0.0,0
2022-06-19 23:59:59.999,ETH,1d,994.09,1127.88,1162.98,935.5,0.0,0
2022-06-20 23:59:59.999,ETH,1d,1127.88,1127.83,1174.0,1052.05,0.0,0
2022-06-21 23:59:59.999,ETH,1d,1127.82,1125.47,1194.0,1108.63,0.0,0
2022-06-22 23:59:59.999,ETH,1d,1125.47,1049.4,1126.81,1042.0,0.0,0
2022-06-23 23:59:59.999,ETH,1d,1049.41,1143.71,1156.01,1044.16,0.0,0
2022-06-24 23:59:59.999,ETH,1d,1143.71,1224.42,1244.94,1131.36,0.0,0
2022-06-25 23:59:59.999,ETH,1d,1224.42,1241.6,1258.0,1179.03,0.0,0
2022-06-26 23:59:59.999,ETH,1d,1241.6,1197.21,1280.0,1193.54,0.0,0
2022-06-27 23:59:59.999,ETH,1d,1197.2,1191.9,1238.89,1172.14,0.0,0
2022-06-28 23:59:59.999,ETH,1d,1191.89,1143.5,1239.66,1135.65,0.0,0
2022-06-29 23:59:59.999,ETH,1d,1143.51,1099.32,1156.76,1085.6,0.0,0
2022-06-30 23:59:59.999,ETH,1d,1099.33,1070.85,1106.6,995.0,0.0,0
2022-07-01 23:59:59.999,ETH,1d,1070.9,1059.24,1118.21,1032.65,0.0,0
2022-07-02 23:59:59.999,ETH,1d,1059.16,1066.53,1078.98,1026.16,0.0,0
2022-07-03 23:59:59.999,ETH,1d,1066.53,1073.9,1088.0,1040.01,0.0,0
2022-07-04 23:59:59.999,ETH,1d,1073.91,1150.23,1160.68,1044.33,0.0,0
2022-07-05 23:59:59.999,ETH,1d,1150.23,1131.8,1176.0,1075.0,0.0,0
2022-07-06 23:59:59.999,ETH,1d,1131.81,1186.37,1205.45,1111.03,0.0,0
2022-07-07 23:59:59.999,ETH,1d,1186.36,1236.92,1254.82,1162.93,0.0,0
2022-07-08 23:59:59.999,ETH,1d,1236.91,1213.53,1277.0,1192.0,0.0,0
2022-07-09 23:59:59.999,ETH,1d,1213.53,1216.48,1236.87,1203.75,0.0,0
2022-07-10 23:59:59.999,ETH,1d,1216.49,1167.81,1219.5,1152.0,0.0,0
2022-07-11 23:59:59.999,ETH,1d,1167.81,1095.95,1170.97,1091.1,0.0,0
2022-07-12 23:59:59.999,ETH,1d,1095.88,1037.88,1097.51,1032.09,0.0,0
2022-07-13 23:59:59.999,ETH,1d,1037.88,1114.19,1120.0,1005.0,0.0,0
2022-07-14 23:59:59.999,ETH,1d,1114.18,1193.01,1216.9,1070.57,0.0,0
2022-07-15 23:59:59.999,ETH,1d,1193.01,1230.58,1294.99,1180.74,0.0,0
2022-07-16 23:59:59.999,ETH,1d,1230.59,1355.37,1440.57,1191.41,0.0,0
2022-07-17 23:59:59.999,ETH,1d,1355.38,1338.27,1387.92,1316.0,0.0,0
2022-07-18 23:59:59.999,ETH,1d,1338.28,1580.12,1597.19,1335.49,0.0,0
2022-07-19 23:59:59.999,ETH,1d,1580.12,1541.39,1640.0,1492.57,0.0,0
2022-07-20 23:59:59.999,ETH,1d,1541.4,1521.34,1620.0,1477.0,0.0,0
2022-07-21 23:59:59.999,ETH,1d,1521.26,1575.39,1607.0,1462.3,0.0,0
2022-07-22 23:59:59.999,ETH,1d,1575.38,1534.53,1646.3,1515.75,0.0,0
2022-07-23 23:59:59.999,ETH,1d,1534.53,1548.01,1596.72,1485.53,0.0,0
2022-07-24 23:59:59.999,ETH,1d,1548.01,1597.77,1664.9,1543.45,0.0,0
2022-07-25 23:59:59.999,ETH,1d,1597.77,1440.4,1609.26,1433.2,0.0,0
2022-07-26 23:59:59.999,ETH,1d,1440.4,1448.27,1455.0,1355.0,0.0,0
2022-07-27 23:59:59.999,ETH,1d,1448.28,1635.45,1644.66,1420.22,0.0,0
2022-07-28 23:59:59.999,ETH,1d,1635.46,1723.82,1784.5,1595.0,0.0,0
2022-07-29 23:59:59.999,ETH,1d,1723.83,1721.85,1766.3,1656.0,0.0,0
2022-07-30 23:59:59.999,ETH,1d,1721.85,1696.68,1744.0,1671.0,0.0,0
2022-07-31 23:59:59.999,ETH,1d,1696.68,1677.63,1755.55,1666.0,0.0,0
2022-08-01 23:59:59.999,ETH,1d,1677.63,1629.45,1704.32,1605.5,0.0,0
2022-08-02 23:59:59.999,ETH,1d,1629.45,1629.97,1678.0,1557.8,0.0,0
2022-08-03 23:59:59.999,ETH,1d,1629.98,1617.37,1685.91,1588.5,0.0,0
2022-08-04 23:59:59.999,ETH,1d,1617.37,1607.2,1664.28,1580.0,0.0,0
2022-08-05 23:59:59.999,ETH,1d,1607.2,1737.13,1743.4,1605.0,0.0,0
2022-08-06 23:59:59.999,ETH,1d,1737.12,1689.85,1751.0,1685.03,0.0,0
2022-08-07 23:59:59.999,ETH,1d,1689.84,1699.25,1729.39,1667.0,0.0,0
2022-08-08 23:59:59.999,ETH,1d,1699.25,1776.09,1819.78,1693.15,0.0,0
2022-08-09 23:59:59.999,ETH,1d,1776.08,1702.04,1790.0,1666.05,0.0,0
2022-08-10 23:59:59.999,ETH,1d,1702.04,1853.24,1886.75,1655.0,0.0,0
2022-08-11 23:59:59.999,ETH,1d,1853.25,1879.35,1943.0,1849.8,0.0,0
2022-08-12 23:59:59.999,ETH,1d,1879.35,1957.4,1964.46,1852.0,0.0,0
2022-08-13 23:59:59.999,ETH,1d,1957.4,1982.8,2019.0,1945.5,0.0,0
2022-08-14 23:59:59.999,ETH,1d,1982.79,1934.55,2030.0,1905.0,0.0,0
2022-08-15 23:59:59.999,ETH,1d,1934.56,1898.56,2012.94,1871.0,0.0,0
2022-08-16 23:59:59.999,ETH,1d,1898.55,1875.78,1915.0,1850.0,0.0,0
2022-08-17 23:59:59.999,ETH,1d,1875.79,1833.55,1957.7,1818.01,0.0,0
2022-08-18 23:59:59.999,ETH,1d,1833.55,1845.86,1882.0,1820.11,0.0,0
2022-08-19 23:59:59.999,ETH,1d,1845.86,1608.29,1847.65,1601.85,0.0,0
2022-08-20 23:59:59.999,ETH,1d,1608.29,1574.93,1657.0,1520.64,0.0,0
2022-08-21 23:59:59.999,ETH,1d,1574.92,1617.17,1648.7,1560.0,0.0,0
2022-08-22 23:59:59.999,ETH,1d,1617.17,1624.02,1629.0,1528.0,0.0,0
2022-08-23 23:59:59.999,ETH,1d,1624.02,1664.19,1680.0,1562.41,0.0,0
2022-08-24 23:59:59.999,ETH,1d,1664.19,1655.71,1693.84,1605.0,0.0,0
2022-08-25 23:59:59.999,ETH,1d,1655.71,1694.16,1722.0,1652.27,0.0,0
2022-08-26 23:59:59.999,ETH,1d,1694.15,1507.23,1706.0,1485.0,0.0,0
2022-08-27 23:59:59.999,ETH,1d,1507.22,1490.0,1517.4,1443.4,0.0,0
2022-08-28 23:59:59.999,ETH,1d,1490.0,1426.3,1510.0,1423.1,0.0,0
2022-08-29 23:59:59.999,ETH,1d,1426.29,1550.67,1559.79,1420.59,0.0,0
2022-08-30 23:59:59.999,ETH,1d,1550.66,1523.48,1605.0,1471.92,0.0,0
2022-08-31 23:59:59.999,ETH,1d,1523.49,1553.04,1621.29,1523.26,0.0,0
2022-09-01 23:59:59.999,ETH,1d,1553.04,1585.4,1599.0,1505.0,0.0,0
2022-09-02 23:59:59.999,ETH,1d,1585.4,1574.49,1649.64,1545.0,0.0,0
2022-09-03 23:59:59.999,ETH,1d,1574.49,1556.41,1582.02,1532.6,0.0,0
2022-09-04 23:59:59.999,ETH,1d,1556.42,1578.14,1586.0,1539.7,0.0,0
2022-09-05 23:59:59.999,ETH,1d,1578.14,1616.92,1631.6,1555.72,0.0,0
2022-09-06 23:59:59.999,ETH,1d,1616.93,1558.23,1686.75,1551.7,0.0,0
2022-09-07 23:59:59.999,ETH,1d,1558.23,1629.35,1657.6,1486.16,0.0,0
2022-09-08 23:59:59.999,ETH,1d,1629.36,1634.22,1666.0,1594.0,0.0,0
2022-09-09 23:59:59.999,ETH,1d,1634.23,1717.48,1746.3,1629.25,0.0,0
2022-09-10 23:59:59.999,ETH,1d,1717.49,1773.05,1788.98,1705.0,0.0,0
2022-09-11 23:59:59.999,ETH,1d,1773.04,1765.01,1787.88,1718.02,0.0,0
2022-09-12 23:59:59.999,ETH,1d,1765.0,1715.14,1783.43,1691.28,0.0,0
2022-09-13 23:59:59.999,ETH,1d,1715.15,1571.9,1762.88,1556.78,0.0,0
2022-09-14 23:59:59.999,ETH,1d,1571.91,1635.39,1642.24,1548.0,0.0,0
2022-09-15 23:59:59.999,ETH,1d,1635.4,1471.93,1657.8,1455.0,0.0,0
2022-09-16 23:59:59.999,ETH,1d,1471.94,1433.58,1482.65,1403.0,0.0,0
2022-09-17 23:59:59.999,ETH,1d,1433.58,1467.96,1475.15,1408.15,0.0,0
2022-09-18 23:59:59.999,ETH,1d,1467.96,1333.67,1469.0,1320.0,0.0,0
2022-09-19 23:59:59.999,ETH,1d,1333.68,1375.05,1394.0,1276.62,0.0,0
2022-09-20 23:59:59.999,ETH,1d,1375.05,1322.08,1384.53,1311.0,0.0,0
2022-09-21 23:59:59.999,ETH,1d,1322.09,1244.19,1420.0,1218.0,0.0,0
2022-09-22 23:59:59.999,ETH,1d,1244.2,1325.73,1349.84,1235.6,0.0,0
2022-09-23 23:59:59.999,ETH,1d,1325.73,1326.62,1359.22,1260.75,0.0,0
2022-09-24 23:59:59.999,ETH,1d,1326.62,1316.19,1348.84,1305.36,0.0,0
2022-09-25 23:59:59.999,ETH,1d,1316.18,1293.99,1336.92,1268.19,0.0,0
2022-09-26 23:59:59.999,ETH,1d,1293.98,1335.25,1340.0,1277.55,0.0,0
2022-09-27 23:59:59.999,ETH,1d,1335.25,1327.19,1400.0,1303.02,0.0,0
2022-09-28 23:59:59.999,ETH,1d,1327.2,1336.43,1355.76,1250.0,0.0,0
2022-09-29 23:59:59.999,ETH,1d,1336.43,1334.8,1351.93,1287.24,0.0,0
2022-09-30 23:59:59.999,ETH,1d,1334.8,1327.78,1373.34,1307.53,0.0,0
2022-10-01 23:59:59.999,ETH,1d,1327.78,1311.31,1333.38,1301.0,0.0,0
2022-10-02 23:59:59.999,ETH,1d,1311.32,1275.96,1317.7,1266.66,0.0,0
2022-10-03 23:59:59.999,ETH,1d,1275.95,1322.59,1329.0,1260.48,0.0,0
2022-10-04 23:59:59.999,ETH,1d,1322.58,1360.73,1370.0,1318.06,0.0,0
2022-10-05 23:59:59.999,ETH,1d,1360.73,1351.61,1364.75,1315.27,0.0,0
2022-10-06 23:59:59.999,ETH,1d,1351.6,1351.5,1383.29,1344.0,0.0,0
2022-10-07 23:59:59.999,ETH,1d,1351.5,1330.41,1361.21,1316.22,0.0,0
2022-10-08 23:59:59.999,ETH,1d,1330.42,1314.74,1337.19,1302.0,0.0,0
2022-10-09 23:59:59.999,ETH,1d,1314.75,1322.61,1328.72,1306.41,0.0,0
2022-10-10 23:59:59.999,ETH,1d,1322.6,1289.56,1337.93,1284.38,0.0,0
2022-10-11 23:59:59.999,ETH,1d,1289.57,1279.68,1297.7,1265.0,0.0,0
2022-10-12 23:59:59.999,ETH,1d,1279.67,1294.02,1306.6,1274.35,0.0,0
2022-10-13 23:59:59.999,ETH,1d,1294.02,1286.38,1301.0,1176.0,0.0,0
2022-10-14 23:59:59.999,ETH,1d,1286.38,1295.35,1343.36,1282.74,0.0,0
2022-10-15 23:59:59.999,ETH,1d,1295.34,1274.13,1301.32,1262.12,0.0,0
2022-10-16 23:59:59.999,ETH,1d,1274.12,1305.51,1315.0,1273.98,0.0,0
2022-10-17 23:59:59.999,ETH,1d,1305.52,1330.62,1338.16,1295.0,0.0,0
2022-10-18 23:59:59.999,ETH,1d,1330.62,1309.93,1342.0,1285.11,0.0,0
2022-10-19 23:59:59.999,ETH,1d,1309.93,1284.45,1312.78,1275.56,0.0,0
2022-10-20 23:59:59.999,ETH,1d,1284.45,1282.2,1310.0,1270.0,0.0,0
2022-10-21 23:59:59.999,ETH,1d,1282.19,1299.08,1307.0,1248.0,0.0,0
2022-10-22 23:59:59.999,ETH,1d,1299.08,1313.19,1320.0,1293.67,0.0,0
2022-10-23 23:59:59.999,ETH,1d,1313.18,1363.44,1371.0,1298.22,0.0,0
2022-10-24 23:59:59.999,ETH,1d,1363.43,1342.72,1370.4,1322.25,0.0,0
2022-10-25 23:59:59.999,ETH,1d,1342.73,1459.2,1533.68,1334.16,0.0,0
2022-10-26 23:59:59.999,ETH,1d,1459.19,1565.45,1595.0,1456.69,0.0,0
2022-10-27 23:59:59.999,ETH,1d,1565.45,1513.7,1588.0,1500.46,0.0,0
2022-10-28 23:59:59.999,ETH,1d,1513.7,1553.79,1574.8,1475.0,0.0,0
2022-10-29 23:59:59.999,ETH,1d,1553.8,1618.82,1665.0,1546.71,0.0,0
2022-10-30 23:59:59.999,ETH,1d,1618.82,1589.89,1639.87,1574.6,0.0,0
2022-10-31 23:59:59.999,ETH,1d,1589.88,1572.01,1634.93,1543.72,0.0,0
2022-11-01 23:59:59.999,ETH,1d,1572.0,1577.88,1613.0,1562.7,0.0,0
2022-11-02 23:59:59.999,ETH,1d,1577.88,1517.26,1622.5,1501.0,0.0,0
2022-11-03 23:59:59.999,ETH,1d,1517.26,1530.27,1558.14,1514.07,0.0,0
2022-11-04 23:59:59.999,ETH,1d,1530.27,1644.09,1679.4,1527.78,0.0,0
2022-11-05 23:59:59.999,ETH,1d,1644.08,1626.11,1666.8,1620.1,0.0,0
2022-11-06 23:59:59.999,ETH,1d,1626.11,1567.42,1638.5,1561.32,0.0,0
2022-11-07 23:59:59.999,ETH,1d,1567.42,1567.52,1608.0,1544.94,0.0,0
2022-11-08 23:59:59.999,ETH,1d,1567.52,1333.4,1580.54,1195.22,0.0,0
2022-11-09 23:59:59.999,ETH,1d,1333.4,1101.49,1336.47,1071.14,0.0,0
2022-11-10 23:59:59.999,ETH,1d,1101.53,1298.21,1350.0,1083.77,0.0,0
2022-11-11 23:59:59.999,ETH,1d,1298.3,1288.64,1309.88,1199.57,0.0,0
2022-11-12 23:59:59.999,ETH,1d,1288.67,1256.82,1291.69,1238.0,0.0,0
2022-11-13 23:59:59.999,ETH,1d,1256.85,1220.78,1273.91,1200.0,0.0,0
2022-11-14 23:59:59.999,ETH,1d,1220.78,1242.89,1290.0,1170.5,0.0,0
2022-11-15 23:59:59.999,ETH,1d,1242.9,1252.81,1292.0,1232.52,0.0,0
2022-11-16 23:59:59.999,ETH,1d,1252.8,1215.78,1268.2,1185.59,0.0,0
2022-11-17 23:59:59.999,ETH,1d,1215.72,1199.7,1228.92,1181.0,0.0,0
2022-11-18 23:59:59.999,ETH,1d,1199.7,1212.04,1235.0,1198.48,0.0,0
2022-11-19 23:59:59.999,ETH,1d,1212.05,1216.91,1233.66,1196.0,0.0,0
2022-11-20 23:59:59.999,ETH,1d,1216.9,1141.57,1226.5,1131.6,0.0,0
2022-11-21 23:59:59.999,ETH,1d,1141.53,1106.95,1147.03,1077.32,0.0,0
2022-11-22 23:59:59.999,ETH,1d,1106.94,1139.11,1142.96,1071.52,0.0,0
2022-11-23 23:59:59.999,ETH,1d,1139.11,1183.83,1190.0,1127.01,0.0,0
2022-11-24 23:59:59.999,ETH,1d,1183.84,1202.92,1216.71,1179.72,0.0,0
2022-11-25 23:59:59.999,ETH,1d,1202.93,1198.55,1209.27,1170.99,0.0,0
2022-11-26 23:59:59.999,ETH,1d,1198.55,1204.84,1238.0,1195.08,0.0,0
2022-11-27 23:59:59.999,ETH,1d,1205.0,1193.26,1222.91,1186.58,0.0,0
2022-11-28 23:59:59.999,ETH,1d,1193.25,1167.21,1198.8,1150.25,0.0,0
2022-11-29 23:59:59.999,ETH,1d,1167.2,1215.74,1228.75,1156.06,0.0,0
2022-11-30 23:59:59.999,ETH,1d,1215.75,1294.02,1312.99,1211.53,0.0,0
2022-12-01 23:59:59.999,ETH,1d,1294.09,1275.7,1300.51,1262.0,0.0,0
2022-12-02 23:59:59.999,ETH,1d,1275.7,1295.0,1297.24,1264.43,0.0,0
2022-12-03 23:59:59.999,ETH,1d,1294.99,1239.76,1312.0,1235.17,0.0,0
2022-12-04 23:59:59.999,ETH,1d,1239.76,1278.82,1287.99,1239.13,0.0,0
2022-12-05 23:59:59.999,ETH,1d,1278.82,1258.66,1304.98,1246.0,0.0,0
2022-12-06 23:59:59.999,ETH,1d,1258.67,1270.72,1274.42,1240.55,0.0,0
2022-12-07 23:59:59.999,ETH,1d,1270.72,1230.83,1278.3,1217.02,0.0,0
2022-12-08 23:59:59.999,ETH,1d,1230.78,1279.73,1294.31,1221.0,0.0,0
2022-12-09 23:59:59.999,ETH,1d,1279.72,1262.31,1297.63,1254.0,0.0,0
2022-12-10 23:59:59.999,ETH,1d,1262.31,1265.88,1283.92,1258.58,0.0,0
2022-12-11 23:59:59.999,ETH,1d,1265.87,1262.43,1284.9,1255.0,0.0,0
2022-12-12 23:59:59.999,ETH,1d,1262.43,1274.88,1278.83,1238.5,0.0,0
2022-12-13 23:59:59.999,ETH,1d,1274.89,1321.06,1350.0,1254.32,0.0,0
2022-12-14 23:59:59.999,ETH,1d,1321.05,1307.76,1354.4,1300.17,0.0,0
2022-12-15 23:59:59.999,ETH,1d,1307.76,1266.26,1311.86,1256.1,0.0,0
2022-12-16 23:59:59.999,ETH,1d,1266.26,1166.2,1279.76,1154.7,0.0,0
2022-12-17 23:59:59.999,ETH,1d,1166.19,1186.45,1190.0,1161.07,0.0,0
2022-12-18 23:59:59.999,ETH,1d,1186.44,1182.45,1196.0,1171.12,0.0,0
2022-12-19 23:59:59.999,ETH,1d,1182.45,1167.21,1194.86,1148.0,0.0,0
2022-12-20 23:59:59.999,ETH,1d,1167.21,1216.21,1232.0,1162.5,0.0,0
2022-12-21 23:59:59.999,ETH,1d,1216.22,1213.21,1226.0,1202.06,0.0,0
2022-12-22 23:59:59.999,ETH,1d,1213.21,1217.39,1239.99,1182.0,0.0,0
2022-12-23 23:59:59.999,ETH,1d,1217.38,1219.5,1234.25,1208.33,0.0,0
2022-12-24 23:59:59.999,ETH,1d,1219.5,1219.96,1229.0,1214.0,0.0,0
2022-12-25 23:59:59.999,ETH,1d,1219.96,1217.96,1225.0,1187.54,0.0,0
2022-12-26 23:59:59.999,ETH,1d,1217.97,1227.57,1231.49,1210.0,0.0,0
2022-12-27 23:59:59.999,ETH,1d,1227.57,1211.29,1233.97,1200.0,0.0,0
2022-12-28 23:59:59.999,ETH,1d,1211.29,1189.93,1215.42,1177.5,0.0,0
2022-12-29 23:59:59.999,ETH,1d,1189.94,1200.35,1207.97,1186.24,0.0,0
2022-12-30 23:59:59.999,ETH,1d,1200.36,1199.66,1203.0,1180.0,0.0,0
2022-12-31 23:59:59.999,ETH,1d,1199.67,1196.1,1209.0,1190.26,0.0,0
2023-01-01 23:59:59.999,ETH,1d,1196.1,1199.96,1204.79,1190.8,0.0,0
2023-01-02 23:59:59.999,ETH,1d,1199.96,1213.23,1225.0,1191.5,0.0,0
2023-01-03 23:59:59.999,ETH,1d,1213.24,1214.23,1219.5,1203.05,0.0,0
2023-01-04 23:59:59.999,ETH,1d,1214.22,1256.39,1275.0,1212.16,0.0,0
2023-01-05 23:59:59.999,ETH,1d,1256.39,1251.08,1260.0,1242.22,0.0,0
2023-01-06 23:59:59.999,ETH,1d,1251.08,1268.54,1277.77,1233.0,0.0,0
2023-01-07 23:59:59.999,ETH,1d,1268.54,1263.65,1270.66,1260.53,0.0,0
2023-01-08 23:59:59.999,ETH,1d,1263.64,1289.65,1296.0,1256.3,0.0,0
2023-01-09 23:59:59.999,ETH,1d,1289.64,1320.32,1345.0,1284.81,0.0,0
2023-01-10 23:59:59.999,ETH,1d,1320.32,1335.3,1348.7,1316.74,0.0,0
2023-01-11 23:59:59.999,ETH,1d,1335.29,1389.26,1400.0,1319.52,0.0,0
2023-01-12 23:59:59.999,ETH,1d,1389.25,1415.84,1439.36,1358.0,0.0,0
2023-01-13 23:59:59.999,ETH,1d,1415.85,1450.94,1465.49,1400.7,0.0,0
2023-01-14 23:59:59.999,ETH,1d,1450.95,1550.27,1644.92,1448.7,0.0,0
2023-01-15 23:59:59.999,ETH,1d,1550.27,1553.47,1570.0,1516.02,0.0,0
2023-01-16 23:59:59.999,ETH,1d,1553.48,1577.11,1610.5,1520.0,0.0,0
2023-01-17 23:59:59.999,ETH,1d,1577.25,1565.84,1609.0,1540.0,0.0,0
2023-01-18 23:59:59.999,ETH,1d,1565.83,1511.66,1614.6,1501.21,0.0,0
2023-01-19 23:59:59.999,ETH,1d,1511.6,1551.11,1565.0,1509.87,0.0,0
2023-01-20 23:59:59.999,ETH,1d,1551.11,1659.01,1680.0,1541.6,0.0,0
2023-01-21 23:59:59.999,ETH,1d,1659.01,1627.63,1682.44,1615.3,0.0,0
2023-01-22 23:59:59.999,ETH,1d,1627.63,1628.14,1666.0,1603.39,0.0,0
2023-01-23 23:59:59.999,ETH,1d,1628.13,1626.9,1650.0,1585.21,0.0,0
2023-01-24 23:59:59.999,ETH,1d,1626.9,1555.99,1641.89,1530.0,0.0,0
2023-01-25 23:59:59.999,ETH,1d,1556.0,1611.41,1641.18,1512.3,0.0,0
2023-01-26 23:59:59.999,ETH,1d,1611.44,1600.69,1633.0,1575.66,0.0,0
2023-01-27 23:59:59.999,ETH,1d,1600.69,1597.08,1621.46,1551.1,0.0,0
2023-01-28 23:59:59.999,ETH,1d,1597.08,1571.52,1606.66,1555.0,0.0,0
2023-01-29 23:59:59.999,ETH,1d,1571.52,1645.67,1663.68,1565.98,0.0,0
2023-01-30 23:59:59.999,ETH,1d,1645.67,1565.92,1648.49,1529.04,0.0,0
2023-01-31 23:59:59.999,ETH,1d,1565.93,1585.02,1605.67,1561.04,0.0,0
2023-02-01 23:59:59.999,ETH,1d,1585.02,1641.8,1648.76,1554.57,0.0,0
2023-02-02 23:59:59.999,ETH,1d,1641.81,1643.81,1717.0,1625.0,0.0,0
2023-02-03 23:59:59.999,ETH,1d,1643.82,1663.68,1677.0,1622.0,0.0,0
2023-02-04 23:59:59.999,ETH,1d,1663.69,1666.44,1696.99,1645.0,0.0,0
2023-02-05 23:59:59.999,ETH,1d,1666.44,1628.98,1674.59,1608.0,0.0,0
2023-02-06 23:59:59.999,ETH,1d,1628.98,1613.9,1659.0,1602.0,0.0,0
2023-02-07 23:59:59.999,ETH,1d,1613.89,1670.51,1679.03,1612.49,0.0,0
2023-02-08 23:59:59.999,ETH,1d,1670.5,1650.26,1699.0,1631.0,0.0,0
2023-02-09 23:59:59.999,ETH,1d,1650.26,1544.68,1656.2,1522.0,0.0,0
2023-02-10 23:59:59.999,ETH,1d,1544.67,1512.26,1554.0,1486.28,0.0,0
2023-02-11 23:59:59.999,ETH,1d,1512.25,1537.65,1542.82,1502.83,0.0,0
2023-02-12 23:59:59.999,ETH,1d,1537.64,1514.49,1547.7,1491.0,0.0,0
2023-02-13 23:59:59.999,ETH,1d,1514.48,1504.85,1526.1,1460.0,0.0,0
2023-02-14 23:59:59.999,ETH,1d,1504.86,1554.94,1568.98,1470.0,0.0,0
2023-02-15 23:59:59.999,ETH,1d,1554.94,1675.0,1684.1,1541.77,0.0,0
2023-02-16 23:59:59.999,ETH,1d,1674.99,1639.0,1744.5,1634.02,0.0,0
2023-02-17 23:59:59.999,ETH,1d,1638.99,1694.12,1722.62,1631.31,0.0,0
2023-02-18 23:59:59.999,ETH,1d,1694.1,1691.66,1715.0,1679.13,0.0,0
2023-02-19 23:59:59.999,ETH,1d,1691.65,1680.31,1729.58,1666.0,0.0,0
2023-02-20 23:59:59.999,ETH,1d,1680.46,1703.7,1720.39,1650.0,0.0,0
2023-02-21 23:59:59.999,ETH,1d,1703.71,1659.2,1716.99,1635.0,0.0,0
2023-02-22 23:59:59.999,ETH,1d,1659.2,1642.01,1667.62,1591.17,0.0,0
2023-02-23 23:59:59.999,ETH,1d,1642.01,1649.69,1678.56,1627.64,0.0,0
2023-02-24 23:59:59.999,ETH,1d,1649.68,1607.12,1664.44,1572.0,0.0,0
2023-02-25 23:59:59.999,ETH,1d,1607.11,1593.59,1608.34,1556.08,0.0,0
2023-02-26 23:59:59.999,ETH,1d,1600.7,1640.9,1648.7,1600.1,151.1582,2485
2023-02-27 23:59:59.999,ETH,1d,1640.5,1632.9,1664.6,1607.4,597.3402,9799
2023-02-28 23:59:59.999,ETH,1d,1632.7,1604.3,1646.6,1596.5,615.5604,10099
2023-03-01 23:59:59.999,ETH,1d,1604.7,1664.3,1669.3,1596.6,616.7204,10240
2023-03-02 23:59:59.999,ETH,1d,1664.7,1647.4,1677.3,1619.4,623.2874,10250
2023-03-03 23:59:59.999,ETH,1d,1647.6,1568.4,1648.7,1546.7,535.3536,8386
2023-03-04 23:59:59.999,ETH,1d,1568.9,1566.0,1576.6,1548.1,319.0343,5064
2023-03-05 23:59:59.999,ETH,1d,1565.8,1563.9,1586.2,1554.6,392.0893,6094
2023-03-06 23:59:59.999,ETH,1d,1563.7,1565.1,1582.7,1553.8,509.256,7924
2023-03-07 23:59:59.999,ETH,1d,1565.1,1561.3,1583.9,1531.7,694.3473,10732
2023-03-08 23:59:59.999,ETH,1d,1561.3,1532.0,1569.9,1522.1,758.9832,11661
2023-03-09 23:59:59.999,ETH,1d,1531.8,1436.8,1545.7,1407.5,1256.4998,18435
2023-03-10 23:59:59.999,ETH,1d,1436.3,1426.0,1437.8,1368.1,2416.7572,33690
2023-03-11 23:59:59.999,ETH,1d,1425.7,1471.2,1477.4,1408.0,2058.436,29470
2023-03-12 23:59:59.999,ETH,1d,1471.1,1579.3,1596.0,1447.4,1664.1802,23567
2023-03-13 23:59:59.999,ETH,1d,1579.3,1674.3,1693.5,1552.66,3389.2017,37921
2023-03-14 23:59:59.999,ETH,1d,1674.3,1700.5,1778.4,1655.1,3599.2871,40162
2023-03-15 23:59:59.999,ETH,1d,1700.1,1649.3,1718.3,1612.2,3645.4193,40333
2023-03-16 23:59:59.999,ETH,1d,1649.7,1672.5,1691.8,1632.4,2346.7569,25860
2023-03-17 23:59:59.999,ETH,1d,1672.6,1789.7,1800.6,1661.8,3147.5006,36083
2023-03-18 23:59:59.999,ETH,1d,1789.2,1758.8,1843.0,1747.1,2919.69,34544
2023-03-19 23:59:59.999,ETH,1d,1758.5,1779.8,1841.1,1758.0,2378.7928,28162
2023-03-20 23:59:59.999,ETH,1d,1779.6,1731.9,1802.7,1722.6,2958.5111,34702
2023-03-21 23:59:59.999,ETH,1d,1731.8,1800.6,1835.4,1716.6,2553.3581,30146
2023-03-22 23:59:59.999,ETH,1d,1800.3,1733.2,1817.2,1709.7,2064.7272,22324
2023-03-23 23:59:59.999,ETH,1d,1733.6,1813.6,1857.5,1728.7,1795.2957,21054
2023-03-24 23:59:59.999,ETH,1d,1813.2,1748.6,1818.0,1725.2,2153.1278,24691
2023-03-25 23:59:59.999,ETH,1d,1748.8,1741.2,1761.6,1712.6,1351.3181,15945
2023-03-26 23:59:59.999,ETH,1d,1741.1,1772.7,1797.0,1738.3,1421.2761,16700
2023-03-27 23:59:59.999,ETH,1d,1772.7,1714.5,1779.6,1689.1,1411.0157,15977
2023-03-28 23:59:59.999,ETH,1d,1714.1,1771.8,1794.4,1698.3,1564.2762,18013
2023-03-29 23:59:59.999,ETH,1d,1772.1,1791.9,1826.4,1771.7,1662.6947,19983
2023-03-30 23:59:59.999,ETH,1d,1791.9,1792.7,1828.7,1762.3,1674.2943,20009
2023-03-31 23:59:59.999,ETH,1d,1792.9,1821.0,1847.2,1779.1,1227.1452,14550
2023-04-01 23:59:59.999,ETH,1d,1820.8,1820.1,1842.4,1809.1,586.2342,7006
2023-04-02 23:59:59.999,ETH,1d,1819.8,1793.2,1824.3,1771.2,997.7235,11823
2023-04-03 23:59:59.999,ETH,1d,1793.5,1809.9,1839.7,1761.8,1516.1794,17622
2023-04-04 23:59:59.999,ETH,1d,1809.8,1869.2,1890.8,1801.2,1262.7387,15038
2023-04-05 23:59:59.999,ETH,1d,1868.8,1907.9,1943.0,1863.9,1292.3392,15714
2023-04-06 23:59:59.999,ETH,1d,1907.6,1871.4,1908.7,1854.1,1068.6734,13133
2023-04-07 23:59:59.999,ETH,1d,1871.4,1862.6,1881.9,1840.3,751.3441,9086
2023-04-08 23:59:59.999,ETH,1d,1862.8,1847.9,1878.8,1846.1,438.7454,5336
2023-04-09 23:59:59.999,ETH,1d,1848.0,1858.0,1898.7,1821.3,887.8716,10836
2023-04-10 23:59:59.999,ETH,1d,1858.0,1909.1,1918.0,1845.4,1099.5379,13367
2023-04-11 23:59:59.999,ETH,1d,1909.0,1888.8,1945.0,1867.2,1107.9344,13501
2023-04-12 23:59:59.999,ETH,1d,1888.9,1916.8,1931.6,1852.4,3528.0047,21345
2023-04-13 23:59:59.999,ETH,1d,1916.8,2012.2,2024.2,1899.0,2369.4906,17354
2023-04-14 23:59:59.999,ETH,1d,2011.8,2100.0,2143.0,2009.1,3520.5692,26458
2023-04-15 23:59:59.999,ETH,1d,2099.9,2090.9,2111.4,2071.7,1062.9643,14376
2023-04-16 23:59:59.999,ETH,1d,2090.8,2118.7,2145.5,2075.6,1373.9895,14581
2023-04-17 23:59:59.999,ETH,1d,2117.8,2074.6,2120.5,2061.5,836.2965,11488
2023-04-18 23:59:59.999,ETH,1d,2074.5,2103.1,2121.8,2053.1,951.9419,12866
2023-04-19 23:59:59.999,ETH,1d,2103.3,1934.1,2104.6,1921.4,1960.6596,21150
2023-04-20 23:59:59.999,ETH,1d,1932.3,1942.0,1981.3,1913.1,2294.8961,25710
2023-04-21 23:59:59.999,ETH,1d,1942.0,1848.9,1955.9,1823.3,2126.9891,23785
2023-04-22 23:59:59.999,ETH,1d,1848.1,1873.2,1886.0,1841.7,968.9774,11338
2023-04-23 23:59:59.999,ETH,1d,1872.8,1861.1,1881.8,1834.7,1394.617,15560
2023-04-24 23:59:59.999,ETH,1d,1861.3,1841.0,1888.4,1805.4,2324.864,25637
2023-04-25 23:59:59.999,ETH,1d,1841.2,1865.1,1877.1,1796.9,1709.7149,18928
2023-04-26 23:59:59.999,ETH,1d,1865.6,1865.2,1963.2,1783.2,2314.0106,24911
2023-04-27 23:59:59.999,ETH,1d,1865.3,1907.7,1939.5,1858.6,2275.5401,25128
2023-04-28 23:59:59.999,ETH,1d,1907.6,1890.1,1923.4,1874.8,1386.0241,15065
2023-04-29 23:59:59.999,ETH,1d,1890.2,1907.1,1915.4,1856.1,682.3984,8217
2023-04-30 23:59:59.999,ETH,1d,1907.0,1866.9,1938.7,1866.9,1294.743,14360
2023-05-01 23:59:59.999,ETH,1d,1868.1,1829.8,1885.5,1806.2,1249.9442,14549
2023-05-02 23:59:59.999,ETH,1d,1829.8,1868.9,1880.7,1822.1,1083.4923,13166
2023-05-03 23:59:59.999,ETH,1d,1869.3,1904.2,1916.5,1842.0,1314.7258,16329
2023-05-04 23:59:59.999,ETH,1d,1904.6,1876.1,1918.3,1846.3,961.1205,11741
2023-05-05 23:59:59.999,ETH,1d,1876.2,1992.7,1999.4,1874.9,1040.8617,12200
2023-05-06 23:59:59.999,ETH,1d,1993.5,1895.6,2019.9,1853.0,1187.7728,13958
2023-05-07 23:59:59.999,ETH,1d,1895.4,1869.6,1932.6,1867.9,1138.8304,11539
2023-05-08 23:59:59.999,ETH,1d,1869.5,1846.5,1883.0,1811.6,1252.2818,12618
2023-05-09 23:59:59.999,ETH,1d,1846.6,1845.7,1860.5,1832.0,222.9323,2337
2023-05-10 23:59:59.999,ETH,1d,1850.3,1840.2,1886.3,1796.8,1165.457,1935
2023-05-11 23:59:59.999,ETH,1d,1840.1,1795.2,1841.0,1771.6,1528.701,4220
2023-05-12 23:59:59.999,ETH,1d,1793.6,1806.9,1815.6,1737.5,1228.4045,4231
2023-05-13 23:59:59.999,ETH,1d,1804.5,1794.0,1815.7,1784.1,389.8576,1375
2023-05-14 23:59:59.999,ETH,1d,1794.0,1798.4,1822.8,1790.0,743.7002,2101
2023-05-15 23:59:59.999,ETH,1d,1798.3,1815.4,1846.1,1784.6,1928.3225,5942
2023-05-16 23:59:59.999,ETH,1d,1815.2,1823.3,1831.9,1795.3,1656.8057,4773
2023-05-17 23:59:59.999,ETH,1d,1821.9,1821.5,1836.5,1784.8,1321.3737,4303
2023-05-18 23:59:59.999,ETH,1d,1822.1,1799.6,1831.2,1772.0,660.9891,3010
2023-05-19 23:59:59.999,ETH,1d,1799.5,1811.3,1829.3,1796.7,538.7989,2232
2023-05-20 23:59:59.999,ETH,1d,1811.6,1819.1,1828.4,1806.3,382.2788,1284
2023-05-21 23:59:59.999,ETH,1d,1819.1,1804.1,1828.3,1796.6,469.004,1603
2023-05-22 23:59:59.999,ETH,1d,1803.9,1816.4,1826.4,1791.4,552.1814,2147
2023-05-23 23:59:59.999,ETH,1d,1816.7,1853.0,1871.7,1670.6,515.5995,1672
2023-05-24 23:59:59.999,ETH,1d,1853.1,1798.9,1853.1,1775.9,1337.3428,2922
2023-05-25 23:59:59.999,ETH,1d,1799.1,1804.7,1818.2,1757.0,3796.9013,5032
2023-05-26 23:59:59.999,ETH,1d,1805.2,1827.1,1838.7,1796.8,1553.3656,3233
2023-05-27 23:59:59.999,ETH,1d,1826.9,1829.0,1835.2,1811.7,1348.2639,1862
2023-05-28 23:59:59.999,ETH,1d,1829.0,1907.6,1922.9,1822.5,5387.6068,4492
2023-05-29 23:59:59.999,ETH,1d,1908.4,1891.5,1927.4,1873.9,9284.5942,4838
2023-05-30 23:59:59.999,ETH,1d,1891.4,1897.9,1916.6,1881.2,2703.5228,1772
2023-05-31 23:59:59.999,ETH,1d,1901.5,1873.4,1904.9,1846.4,2568.8442,1542
2023-06-01 23:59:59.999,ETH,1d,1873.7,1860.3,1889.3,1839.2,1052.9305,1344
2023-06-02 23:59:59.999,ETH,1d,1860.8,1905.8,1911.5,1847.2,988.1948,2041
2023-06-03 23:59:59.999,ETH,1d,1906.2,1891.7,1906.4,1881.5,250.9496,1228
2023-06-04 23:59:59.999,ETH,1d,1891.5,1889.6,1914.2,1884.2,271.296,1319
2023-06-05 23:59:59.999,ETH,1d,1887.3,1810.8,1889.7,1778.5,1558.7455,2569
2023-06-06 23:59:59.999,ETH,1d,1810.0,1886.4,1894.9,1797.9,658.7044,1507
2023-06-07 23:59:59.999,ETH,1d,1884.4,1832.4,1896.5,1822.5,1087.2399,1365
2023-06-08 23:59:59.999,ETH,1d,1837.3,1848.7,1860.4,1828.2,281.3928,349
2023-06-09 23:59:59.999,ETH,1d,1838.6,1837.2,1855.3,1828.1,267.4691,198
2023-06-10 23:59:59.999,ETH,1d,1839.0,1753.7,1843.1,1716.8,2558.2997,887
2023-06-11 23:59:59.999,ETH,1d,1750.0,1743.1,1774.8,1738.4,236.269,156
2023-06-12 23:59:59.999,ETH,1d,1749.5,1740.2,1756.5,1719.5,456.0165,217
2023-06-13 23:59:59.999,ETH,1d,1741.6,1735.6,1767.5,1725.0,348.5239,307
2023-06-14 23:59:59.999,ETH,1d,1744.9,1649.9,1749.1,1632.8,258.6069,500
2023-06-15 23:59:59.999,ETH,1d,1649.3,1665.6,1689.0,1626.9,340.9623,2548
2023-06-16 23:59:59.999,ETH,1d,1666.2,1717.1,1734.9,1646.4,296.9863,2705
2023-06-17 23:59:59.999,ETH,1d,1718.6,1726.9,1777.9,1713.7,241.3788,2571
2023-06-18 23:59:59.999,ETH,1d,1727.5,1720.8,1747.3,1714.0,325.8642,2671
2023-06-19 23:59:59.999,ETH,1d,1720.7,1737.1,1748.9,1700.0,288.3306,2554
2023-06-20 23:59:59.999,ETH,1d,1736.4,1791.7,1797.4,1714.3,455.2932,2635
2023-06-21 23:59:59.999,ETH,1d,1792.3,1888.9,1901.8,1786.6,712.6067,2757
2023-06-22 23:59:59.999,ETH,1d,1889.0,1872.7,1932.9,1867.0,541.9316,2656
2023-06-23 23:59:59.999,ETH,1d,1871.8,1892.2,1934.4,1860.3,485.1475,2743
2023-06-24 23:59:59.999,ETH,1d,1892.0,1875.2,1904.9,1865.0,409.1245,2725
2023-06-25 23:59:59.999,ETH,1d,1875.3,1898.5,1930.6,1868.1,344.4235,2665
2023-06-26 23:59:59.999,ETH,1d,1898.1,1858.9,1907.2,1839.5,422.8236,2766
2023-06-27 23:59:59.999,ETH,1d,1859.1,1889.8,1913.2,1855.0,278.3044,2554
2023-06-28 23:59:59.999,ETH,1d,1888.9,1826.7,1889.0,1814.0,340.5344,2759
2023-06-29 23:59:59.999,ETH,1d,1828.0,1850.9,1879.2,1827.3,214.028,2670
2023-06-30 23:59:59.999,ETH,1d,1851.7,1933.0,1948.5,1825.8,421.9872,2842
2023-07-01 23:59:59.999,ETH,1d,1933.3,1924.7,1945.9,1908.6,365.8327,3220
2023-07-02 23:59:59.999,ETH,1d,1923.7,1938.8,1965.5,1883.2,389.0699,2671
2023-07-03 23:59:59.999,ETH,1d,1938.0,1955.5,1977.6,1934.0,365.4963,2532
2023-07-04 23:59:59.999,ETH,1d,1954.7,1935.6,1966.9,1930.7,363.5971,2561
2023-07-05 23:59:59.999,ETH,1d,1936.1,1910.4,1945.0,1894.5,444.4398,3211
2023-07-06 23:59:59.999,ETH,1d,1910.5,1846.9,1957.1,1845.5,904.1875,2897
2023-07-07 23:59:59.999,ETH,1d,1846.2,1870.5,1878.7,1827.8,333.6832,2767
2023-07-08 23:59:59.999,ETH,1d,1870.3,1864.3,1873.7,1843.2,216.957,2592
2023-07-09 23:59:59.999,ETH,1d,1864.8,1863.1,1879.0,1856.0,436.8453,2960
2023-07-10 23:59:59.999,ETH,1d,1861.4,1879.3,1904.7,1846.8,528.5426,2954
2023-07-11 23:59:59.999,ETH,1d,1879.7,1878.0,1889.7,1863.4,470.7283,2727
2023-07-12 23:59:59.999,ETH,1d,1878.0,1871.6,1907.0,1864.0,648.7542,2781
2023-07-13 23:59:59.999,ETH,1d,1871.4,2005.3,2013.0,1863.0,740.0846,2976
2023-07-14 23:59:59.999,ETH,1d,2005.8,1937.2,2026.0,1899.0,1185.3628,3075
2023-07-15 23:59:59.999,ETH,1d,1937.4,1930.3,1944.7,1925.6,311.0511,2566
2023-07-16 23:59:59.999,ETH,1d,1930.9,1921.3,1942.1,1912.6,276.5766,2631
2023-07-17 23:59:59.999,ETH,1d,1920.0,1911.0,1935.3,1875.0,751.0105,2689
2023-07-18 23:59:59.999,ETH,1d,1910.8,1897.8,1916.7,1878.9,477.4027,2652
2023-07-19 23:59:59.999,ETH,1d,1897.9,1888.5,1921.9,1881.5,399.2948,2550
2023-07-20 23:59:59.999,ETH,1d,1888.5,1890.4,1929.4,1877.9,393.3901,2602
2023-07-21 23:59:59.999,ETH,1d,1890.9,1890.9,1904.2,1884.6,193.6385,2491
2023-07-22 23:59:59.999,ETH,1d,1890.9,1866.1,1897.0,1847.8,186.6454,2583
2023-07-23 23:59:59.999,ETH,1d,1865.7,1888.1,1904.9,1858.4,340.379,2659
2023-07-24 23:59:59.999,ETH,1d,1888.1,1849.0,1890.3,1832.0,243.7864,2618
2023-07-25 23:59:59.999,ETH,1d,1849.6,1857.0,1868.0,1845.0,227.3517,2610
2023-07-26 23:59:59.999,ETH,1d,1857.4,1871.9,1886.6,1848.4,280.0033,2594
2023-07-27 23:59:59.999,ETH,1d,1871.5,1860.6,1885.8,1854.5,419.9469,2578
2023-07-28 23:59:59.999,ETH,1d,1860.3,1873.9,1881.1,1856.6,186.4572,2613
2023-07-29 23:59:59.999,ETH,1d,1873.8,1880.0,1886.7,1868.7,153.6529,2589
2023-07-30 23:59:59.999,ETH,1d,1880.3,1861.3,1885.2,1849.0,175.1566,2637
2023-07-31 23:59:59.999,ETH,1d,1861.1,1855.8,1875.0,1850.6,285.9716,2532
2023-08-01 23:59:59.999,ETH,1d,1855.3,1873.9,1874.1,1815.2,389.5745,2681
2023-08-02 23:59:59.999,ETH,1d,1873.5,1839.7,1878.6,1822.3,582.5328,2728
2023-08-03 23:59:59.999,ETH,1d,1839.6,1835.0,1858.8,1826.0,2578.3514,3178
2023-08-04 23:59:59.999,ETH,1d,1834.6,1830.0,1848.9,1817.2,478.9791,2663
2023-08-05 23:59:59.999,ETH,1d,1829.7,1835.7,1839.3,1826.8,134.0793,2620
2023-08-06 23:59:59.999,ETH,1d,1836.2,1829.9,1838.3,1826.0,201.5927,2621
2023-08-07 23:59:59.999,ETH,1d,1829.5,1829.0,1846.0,1803.0,277.9106,2656
2023-08-08 23:59:59.999,ETH,1d,1828.9,1855.6,1875.0,1825.7,231.4933,2592
2023-08-09 23:59:59.999,ETH,1d,1856.4,1854.8,1871.1,1846.3,227.2568,2684
2023-08-10 23:59:59.999,ETH,1d,1855.3,1851.9,1865.1,1846.9,163.467,2608
2023-08-11 23:59:59.999,ETH,1d,1852.1,1848.8,1857.4,1839.0,260.0341,2647
2023-08-12 23:59:59.999,ETH,1d,1849.0,1849.4,1853.2,1845.6,140.268,2517
2023-08-13 23:59:59.999,ETH,1d,1849.8,1840.3,1862.1,1835.0,202.5947,2636
2023-08-14 23:59:59.999,ETH,1d,1840.7,1844.9,1856.1,1835.0,216.6387,2514
2023-08-15 23:59:59.999,ETH,1d,1846.1,1828.4,1847.2,1815.0,188.7789,2544
2023-08-16 23:59:59.999,ETH,1d,1828.8,1807.0,1831.4,1799.0,390.7754,2708
2023-08-17 23:59:59.999,ETH,1d,1808.0,1683.2,1809.6,1493.3,3793.5207,3880
2023-08-18 23:59:59.999,ETH,1d,1682.0,1660.4,1698.7,1642.0,603.7926,2644
2023-08-19 23:59:59.999,ETH,1d,1660.4,1669.0,1692.7,1653.2,329.6166,2581
2023-08-20 23:59:59.999,ETH,1d,1669.0,1683.8,1691.8,1661.6,234.9492,2448
2023-08-21 23:59:59.999,ETH,1d,1684.1,1666.8,1685.6,1648.1,635.9742,2572
2023-08-22 23:59:59.999,ETH,1d,1667.6,1634.2,1669.0,1576.0,608.7347,2703
2023-08-23 23:59:59.999,ETH,1d,1635.1,1679.0,1696.4,1629.0,443.6973,2627
2023-08-24 23:59:59.999,ETH,1d,1679.2,1660.8,1683.0,1639.0,331.3316,2589
2023-08-25 23:59:59.999,ETH,1d,1660.7,1653.2,1677.2,1635.9,385.2527,2728
2023-08-26 23:59:59.999,ETH,1d,1653.0,1646.8,1655.1,1643.4,268.4687,2634
2023-08-27 23:59:59.999,ETH,1d,1646.0,1657.6,1659.6,1645.6,191.6801,2440
2023-08-28 23:59:59.999,ETH,1d,1657.2,1652.8,1663.4,1623.3,251.831,2324
2023-08-29 23:59:59.999,ETH,1d,1653.2,1729.4,1745.0,1639.9,551.7689,2315
2023-08-30 23:59:59.999,ETH,1d,1729.2,1704.0,1730.2,1696.0,251.682,2035
2023-08-31 23:59:59.999,ETH,1d,1704.3,1645.1,1729.2,1629.8,668.4484,2428
2023-09-01 23:59:59.999,ETH,1d,1645.6,1628.7,1654.1,1603.2,762.5141,2365
2023-09-02 23:59:59.999,ETH,1d,1628.2,1636.7,1644.5,1627.2,12614.5876,9134
2023-09-03 23:59:59.999,ETH,1d,1636.7,1635.5,1646.9,1624.9,184.6132,2263
2023-09-04 23:59:59.999,ETH,1d,1635.9,1630.1,1643.2,1616.4,498.5262,2489
2023-09-05 23:59:59.999,ETH,1d,1630.6,1634.0,1646.9,1609.8,381.7298,2241
2023-09-06 23:59:59.999,ETH,1d,1634.6,1632.4,1675.2,1610.9,1458.8051,2561
2023-09-07 23:59:59.999,ETH,1d,1632.9,1648.8,1660.4,1622.0,1612.9825,2424
2023-09-08 23:59:59.999,ETH,1d,1648.8,1637.3,1659.2,1618.2,520.9734,2262
2023-09-09 23:59:59.999,ETH,1d,1637.0,1635.8,1638.2,1630.5,203.4114,2214
2023-09-10 23:59:59.999,ETH,1d,1636.1,1616.8,1636.1,1598.7,1150.7061,2194
2023-09-11 23:59:59.999,ETH,1d,1617.8,1551.3,1618.7,1531.4,2360.1983,2266
2023-09-12 23:59:59.999,ETH,1d,1551.4,1593.4,1625.1,1549.0,1326.7664,2340
2023-09-13 23:59:59.999,ETH,1d,1592.4,1607.9,1619.0,1581.1,636.4245,2162
2023-09-14 23:59:59.999,ETH,1d,1608.0,1626.1,1643.8,1606.9,576.5152,2282
2023-09-15 23:59:59.999,ETH,1d,1626.1,1640.6,1653.2,1610.8,579.9299,2655
2023-09-16 23:59:59.999,ETH,1d,1641.8,1634.1,1650.3,1630.7,749.9083,2556
2023-09-17 23:59:59.999,ETH,1d,1633.8,1622.1,1635.5,1612.1,1286.6225,2859
2023-09-18 23:59:59.999,ETH,1d,1621.8,1637.3,1670.0,1605.3,1820.7172,3426
2023-09-19 23:59:59.999,ETH,1d,1635.9,1643.6,1660.0,1627.5,801.9631,2306
2023-09-20 23:59:59.999,ETH,1d,1643.7,1623.2,1650.3,1604.9,1646.8639,2262
2023-09-21 23:59:59.999,ETH,1d,1622.4,1584.3,1625.9,1570.0,1354.8852,2224
2023-09-22 23:59:59.999,ETH,1d,1584.7,1593.6,1602.3,1578.5,470.068,2210
2023-09-23 23:59:59.999,ETH,1d,1593.2,1594.0,1598.6,1587.5,354.1405,2149
2023-09-24 23:59:59.999,ETH,1d,1593.9,1580.1,1600.1,1568.3,645.0825,2174
2023-09-25 23:59:59.999,ETH,1d,1580.8,1588.2,1598.0,1562.7,1504.6905,2266
2023-09-26 23:59:59.999,ETH,1d,1588.3,1594.8,1599.2,1580.7,645.8982,2349
2023-09-27 23:59:59.999,ETH,1d,1594.6,1598.6,1633.8,1584.5,626.316,2298
2023-09-28 23:59:59.999,ETH,1d,1598.3,1652.4,1665.7,1597.8,1260.5306,2363
2023-09-29 23:59:59.999,ETH,1d,1652.7,1667.9,1688.0,1647.9,1133.0982,2239
2023-09-30 23:59:59.999,ETH,1d,1667.7,1670.5,1694.0,1666.3,1025.0818,2237
2023-10-01 23:59:59.999,ETH,1d,1670.6,1733.5,1769.0,1668.5,1347.9897,2317
2023-10-02 23:59:59.999,ETH,1d,1734.4,1661.7,1743.9,1634.6,1264.068,2461
2023-10-03 23:59:59.999,ETH,1d,1661.9,1657.2,1670.1,1643.6,612.7018,2287
2023-10-04 23:59:59.999,ETH,1d,1656.7,1647.8,1657.8,1628.5,1043.0667,2360
2023-10-05 23:59:59.999,ETH,1d,1647.6,1611.1,1654.4,1605.2,1200.8999,2609
2023-10-06 23:59:59.999,ETH,1d,1611.5,1645.3,1661.6,1611.4,1160.9948,2392
2023-10-07 23:59:59.999,ETH,1d,1645.1,1633.4,1647.6,1629.6,419.6638,2304
2023-10-08 23:59:59.999,ETH,1d,1633.8,1632.5,1641.1,1616.5,341.8706,2277
2023-10-09 23:59:59.999,ETH,1d,1632.2,1580.3,1635.0,1546.5,1762.9116,2562
2023-10-10 23:59:59.999,ETH,1d,1579.8,1567.3,1594.2,1552.0,826.4172,2421
2023-10-11 23:59:59.999,ETH,1d,1567.2,1566.6,1578.4,1549.0,1124.1028,2393
2023-10-12 23:59:59.999,ETH,1d,1566.8,1539.9,1567.9,1523.4,847.4234,2332
2023-10-13 23:59:59.999,ETH,1d,1539.5,1552.5,1577.0,1538.0,1963.1039,2473
2023-10-14 23:59:59.999,ETH,1d,1552.2,1555.4,1560.8,1545.6,892.4495,2328
2023-10-15 23:59:59.999,ETH,1d,1555.0,1557.9,1567.0,1549.5,632.248,2278
2023-10-16 23:59:59.999,ETH,1d,1558.0,1598.8,1642.2,1555.0,2449.3574,2559
2023-10-17 23:59:59.999,ETH,1d,1598.6,1564.3,1600.5,1552.8,986.3415,2392
2023-10-18 23:59:59.999,ETH,1d,1564.5,1562.5,1584.4,1555.1,1051.0481,2338
2023-10-19 23:59:59.999,ETH,1d,1562.6,1566.3,1573.9,1542.2,1031.0012,2371
2023-10-20 23:59:59.999,ETH,1d,1566.3,1603.4,1627.7,1560.7,1349.7799,2908
2023-10-21 23:59:59.999,ETH,1d,1603.5,1628.3,1642.6,1591.8,979.2623,2717
2023-10-22 23:59:59.999,ETH,1d,1629.0,1662.1,1667.6,1621.8,1662.204,2822
2023-10-23 23:59:59.999,ETH,1d,1662.9,1767.2,1799.0,1656.8,4566.4078,3459
2023-10-24 23:59:59.999,ETH,1d,1767.4,1784.9,1855.1,1756.3,5269.2942,3384
2023-10-25 23:59:59.999,ETH,1d,1784.7,1787.3,1815.5,1761.5,2726.1192,2675
2023-10-26 23:59:59.999,ETH,1d,1787.2,1804.2,1866.8,1763.1,2949.77,2936
2023-10-27 23:59:59.999,ETH,1d,1804.1,1780.6,1804.5,1749.8,1008.0712,2408
2023-10-28 23:59:59.999,ETH,1d,1780.7,1777.8,1804.4,1771.6,438.6412,2260
2023-10-29 23:59:59.999,ETH,1d,1777.4,1796.5,1812.7,1764.5,542.3251,2327
2023-10-30 23:59:59.999,ETH,1d,1796.7,1810.8,1831.8,1779.4,1621.1866,2577
2023-10-31 23:59:59.999,ETH,1d,1810.8,1817.1,1820.6,1783.8,1588.3612,2783
2023-11-01 23:59:59.999,ETH,1d,1815.9,1848.5,1859.7,1784.2,3163.3144,3513
2023-11-02 23:59:59.999,ETH,1d,1848.2,1800.5,1874.9,1785.3,3351.6052,3213
2023-11-03 23:59:59.999,ETH,1d,1801.1,1833.9,1839.7,1779.0,3016.3086,3407
2023-11-04 23:59:59.999,ETH,1d,1834.5,1858.6,1872.8,1826.2,1974.9456,2954
2023-11-05 23:59:59.999,ETH,1d,1858.1,1893.7,1913.8,1847.2,4412.6781,3637
2023-11-06 23:59:59.999,ETH,1d,1892.9,1902.3,1915.6,1870.5,2926.2499,3291
2023-11-07 23:59:59.999,ETH,1d,1901.6,1886.6,1907.8,1850.7,3302.6087,3756
2023-11-08 23:59:59.999,ETH,1d,1886.4,1890.8,1905.6,1874.1,3442.8944,2793
2023-11-09 23:59:59.999,ETH,1d,1889.2,2124.1,2138.2,1884.8,20050.6045,4761
2023-11-10 23:59:59.999,ETH,1d,2124.1,2079.3,2138.0,2068.3,11406.6513,6126
2023-11-11 23:59:59.999,ETH,1d,2080.0,2053.9,2093.2,2034.3,9664.9598,4888
2023-11-12 23:59:59.999,ETH,1d,2053.8,2046.4,2071.7,2015.0,8386.7786,5286
2023-11-13 23:59:59.999,ETH,1d,2046.0,2055.3,2119.9,2031.0,10946.269,6820
2023-11-14 23:59:59.999,ETH,1d,2055.3,1981.1,2066.9,1922.4,9133.7712,6206
2023-11-15 23:59:59.999,ETH,1d,1981.7,2059.8,2062.9,1969.1,8323.1055,5097
2023-11-16 23:59:59.999,ETH,1d,2058.9,1963.9,2092.8,1941.4,10193.3062,5883
2023-11-17 23:59:59.999,ETH,1d,1962.9,1963.2,1992.3,1908.9,6578.4137,5945
2023-11-18 23:59:59.999,ETH,1d,1962.0,1963.7,1971.6,1918.1,3665.8944,4663
2023-11-19 23:59:59.999,ETH,1d,1963.6,2013.3,2017.3,1944.4,2693.5723,3751
2023-11-20 23:59:59.999,ETH,1d,2014.4,2021.7,2068.7,1993.8,12060.2402,6866
2023-11-21 23:59:59.999,ETH,1d,2021.4,1932.8,2034.8,1932.8,30143.1489,7347
2023-11-22 23:59:59.999,ETH,1d,1932.3,2064.1,2094.5,1930.7,9548.6426,5533
2023-11-23 23:59:59.999,ETH,1d,2063.8,2061.9,2088.7,2040.6,6175.8391,5079
2023-11-24 23:59:59.999,ETH,1d,2061.7,2081.7,2133.3,2060.0,9154.3621,6869
2023-11-25 23:59:59.999,ETH,1d,2080.8,2083.9,2090.6,2066.5,5300.8194,5295
2023-11-26 23:59:59.999,ETH,1d,2083.8,2063.4,2095.1,2037.0,8356.1391,7359
2023-11-27 23:59:59.999,ETH,1d,2063.7,2027.5,2071.8,1987.5,10376.2514,8235
2023-11-28 23:59:59.999,ETH,1d,2028.8,2048.4,2076.5,1995.9,12352.5799,7650
2023-11-29 23:59:59.999,ETH,1d,2048.6,2030.3,2075.9,2020.8,10644.8905,5369
2023-11-30 23:59:59.999,ETH,1d,2029.5,2053.4,2057.1,2022.0,11336.1768,5643
2023-12-01 23:59:59.999,ETH,1d,2054.6,2087.8,2113.1,2046.2,20042.3066,8582
2023-12-02 23:59:59.999,ETH,1d,2087.8,2166.9,2194.7,2086.6,29935.6184,7661
2023-12-03 23:59:59.999,ETH,1d,2167.1,2196.1,2220.5,2150.9,17928.8575,8550
2023-12-04 23:59:59.999,ETH,1d,2195.4,2244.8,2277.2,2193.7,23178.0769,10269
2023-12-05 23:59:59.999,ETH,1d,2244.0,2297.2,2311.6,2189.1,34718.8672,12884
2023-12-06 23:59:59.999,ETH,1d,2297.2,2233.7,2314.6,2220.0,25150.0637,10406
2023-12-07 23:59:59.999,ETH,1d,2233.4,2358.9,2386.6,2224.9,23958.3536,9021
2023-12-08 23:59:59.999,ETH,1d,2357.9,2360.5,2392.9,2340.7,15896.2411,7204
2023-12-09 23:59:59.999,ETH,1d,2361.0,2342.7,2405.0,2332.7,22404.6843,8474
2023-12-10 23:59:59.999,ETH,1d,2342.5,2354.1,2379.0,2324.3,18268.042,8473
2023-12-11 23:59:59.999,ETH,1d,2354.2,2227.5,2356.3,2161.7,51839.1064,12385
2023-12-12 23:59:59.999,ETH,1d,2226.8,2205.1,2245.9,2168.7,22492.3445,18547
2023-12-13 23:59:59.999,ETH,1d,2205.2,2263.5,2287.0,2147.4,26191.3341,19291
2023-12-14 23:59:59.999,ETH,1d,2263.2,2317.6,2334.7,2243.5,21239.7873,26924
2023-12-15 23:59:59.999,ETH,1d,2317.4,2222.5,2319.7,2201.5,21122.505,17483
2023-12-16 23:59:59.999,ETH,1d,2222.0,2229.5,2266.0,2211.3,11301.0042,6413
2023-12-17 23:59:59.999,ETH,1d,2229.1,2200.0,2251.9,2194.3,14096.2562,8441
2023-12-18 23:59:59.999,ETH,1d,2198.9,2220.0,2225.4,2120.0,19922.9952,13217
2023-12-19 23:59:59.999,ETH,1d,2220.7,2180.3,2255.7,2137.3,18436.9943,12407
2023-12-20 23:59:59.999,ETH,1d,2180.2,2204.5,2270.9,2157.8,30624.6229,16838
2023-12-21 23:59:59.999,ETH,1d,2204.1,2241.7,2283.4,2183.6,20250.6564,11915
2023-12-22 23:59:59.999,ETH,1d,2241.6,2327.9,2347.0,2233.4,27173.8469,14670
2023-12-23 23:59:59.999,ETH,1d,2328.4,2311.3,2332.8,2266.4,17308.2634,12272
2023-12-24 23:59:59.999,ETH,1d,2310.7,2265.7,2327.6,2248.8,15619.6414,12982
2023-12-25 23:59:59.999,ETH,1d,2265.5,2273.6,2306.7,2254.5,17137.1765,12673
2023-12-26 23:59:59.999,ETH,1d,2272.8,2233.1,2276.5,2172.1,23816.3538,15201
2023-12-27 23:59:59.999,ETH,1d,2233.0,2381.6,2395.0,2214.7,25960.5917,19409
2023-12-28 23:59:59.999,ETH,1d,2381.4,2346.3,2448.2,2337.7,38933.2413,19166
2023-12-29 23:59:59.999,ETH,1d,2346.3,2301.6,2388.9,2255.9,52015.0922,23931
2023-12-30 23:59:59.999,ETH,1d,2300.8,2293.4,2324.3,2269.2,17868.508,12823
2023-12-31 23:59:59.999,ETH,1d,2293.1,2284.7,2324.6,2261.1,29992.565,15317
2024-01-01 23:59:59.999,ETH,1d,2284.3,2355.5,2355.5,2268.0,27866.0026,13816
2024-01-02 23:59:59.999,ETH,1d,2354.9,2356.6,2434.8,2343.6,24944.9645,21206
2024-01-03 23:59:59.999,ETH,1d,2356.8,2211.4,2386.1,1888.0,88705.2009,35393
2024-01-04 23:59:59.999,ETH,1d,2211.2,2269.3,2295.0,2202.3,39507.8721,24755
2024-01-05 23:59:59.999,ETH,1d,2269.3,2269.6,2277.9,2206.3,59982.0882,24832
2024-01-06 23:59:59.999,ETH,1d,2269.6,2240.4,2270.3,2216.9,47523.1106,21976
2024-01-07 23:59:59.999,ETH,1d,2240.4,2220.3,2258.0,2204.7,38267.3986,28837
2024-01-08 23:59:59.999,ETH,1d,2220.7,2334.3,2360.8,2166.3,41622.202,52133
2024-01-09 23:59:59.999,ETH,1d,2334.1,2346.8,2379.2,2225.4,62590.6838,64312
2024-01-10 23:59:59.999,ETH,1d,2346.6,2584.0,2646.5,2341.3,91078.419,69961
2024-01-11 23:59:59.999,ETH,1d,2585.7,2623.2,2693.4,2566.9,77246.3304,64229
2024-01-12 23:59:59.999,ETH,1d,2623.2,2524.4,2720.0,2458.2,118073.088,73354
2024-01-13 23:59:59.999,ETH,1d,2524.5,2580.5,2592.1,2498.5,44155.7993,47038
2024-01-14 23:59:59.999,ETH,1d,2579.9,2473.7,2580.5,2470.0,40643.5688,36078
2024-01-15 23:59:59.999,ETH,1d,2474.5,2514.9,2556.0,2471.2,41185.7995,39497
2024-01-16 23:59:59.999,ETH,1d,2514.9,2586.2,2615.0,2500.0,48701.1643,54053
2024-01-17 23:59:59.999,ETH,1d,2586.0,2530.7,2592.0,2507.3,42711.9227,46921
2024-01-18 23:59:59.999,ETH,1d,2530.7,2470.5,2551.8,2428.0,50286.1374,43071
2024-01-19 23:59:59.999,ETH,1d,2470.8,2495.5,2507.7,2414.7,69474.3109,46492
2024-01-20 23:59:59.999,ETH,1d,2495.2,2471.0,2495.5,2452.7,39102.4546,32580
2024-01-21 23:59:59.999,ETH,1d,2471.1,2458.9,2485.0,2454.5,27407.9092,30231
2024-01-22 23:59:59.999,ETH,1d,2458.9,2313.2,2467.3,2302.6,66908.3168,62317
2024-01-23 23:59:59.999,ETH,1d,2313.0,2242.0,2351.0,2167.7,86982.3378,51924
2024-01-24 23:59:59.999,ETH,1d,2241.8,2235.6,2262.9,2199.3,47815.9534,34186
2024-01-25 23:59:59.999,ETH,1d,2235.6,2218.0,2243.5,2173.2,52537.0067,31879
2024-01-26 23:59:59.999,ETH,1d,2218.9,2270.1,2283.4,2197.0,63388.2124,47575
2024-01-27 23:59:59.999,ETH,1d,2269.7,2269.4,2284.3,2252.8,41166.189,46706
2024-01-28 23:59:59.999,ETH,1d,2269.4,2257.4,2309.4,2240.0,51830.3088,58838
2024-01-29 23:59:59.999,ETH,1d,2257.3,2317.6,2322.0,2235.4,84538.1156,72403
2024-01-30 23:59:59.999,ETH,1d,2317.6,2341.6,2391.4,2296.7,104290.694,80166
2024-01-31 23:59:59.999,ETH,1d,2341.4,2281.6,2350.9,2265.0,99054.4811,55187
2024-02-01 23:59:59.999,ETH,1d,2281.7,2304.7,2312.4,2240.0,89990.0826,54018
2024-02-02 23:59:59.999,ETH,1d,2304.7,2308.1,2324.3,2281.8,103607.7908,77733
2024-02-03 23:59:59.999,ETH,1d,2308.1,2295.7,2329.9,2291.3,85207.0715,52732
2024-02-04 23:59:59.999,ETH,1d,2295.7,2291.0,2313.5,2268.3,112434.3727,73720
2024-02-05 23:59:59.999,ETH,1d,2291.0,2302.7,2336.8,2269.4,152575.4512,108256
2024-02-06 23:59:59.999,ETH,1d,2302.7,2370.0,2390.6,2300.0,271171.5338,186786
2024-02-07 23:59:59.999,ETH,1d,2370.0,2423.8,2448.6,2353.0,163889.2548,135523
2024-02-08 23:59:59.999,ETH,1d,2423.8,2424.4,2463.3,2410.0,139569.6357,137086
2024-02-09 23:59:59.999,ETH,1d,2424.3,2488.6,2527.0,2422.2,131981.5144,137941
2024-02-10 23:59:59.999,ETH,1d,2488.5,2504.4,2519.8,2472.4,103664.0906,156951
2024-02-11 23:59:59.999,ETH,1d,2504.3,2509.4,2539.0,2496.1,119907.3726,122863
2024-02-12 23:59:59.999,ETH,1d,2509.4,2662.4,2692.1,2468.4,231405.3847,184497
2024-02-13 23:59:59.999,ETH,1d,2662.5,2643.4,2695.7,2554.8,192130.774,176681
2024-02-14 23:59:59.999,ETH,1d,2643.3,2777.0,2790.3,2621.1,109050.6333,107015
2024-02-15 23:59:59.999,ETH,1d,2776.9,2826.1,2870.9,2761.8,133876.9606,83792
2024-02-16 23:59:59.999,ETH,1d,2826.2,2802.5,2860.1,2742.8,110751.7314,84578
2024-02-17 23:59:59.999,ETH,1d,2802.6,2788.0,2805.3,2718.6,79071.3603,67092
2024-02-18 23:59:59.999,ETH,1d,2788.1,2884.8,2897.7,2767.7,111602.2873,95808
2024-02-19 23:59:59.999,ETH,1d,2884.9,2945.3,2986.7,2860.3,142499.4155,129548
2024-02-20 23:59:59.999,ETH,1d,2945.3,3015.8,3037.0,2877.1,188707.499,128080
2024-02-21 23:59:59.999,ETH,1d,3015.8,2969.9,3017.5,2870.3,201473.8577,83800
2024-02-22 23:59:59.999,ETH,1d,2969.9,2970.8,3036.0,2909.5,175706.9401,90479
2024-02-23 23:59:59.999,ETH,1d,2970.9,2923.9,2994.7,2902.7,144365.6262,78619
2024-02-24 23:59:59.999,ETH,1d,2923.9,2994.2,3004.6,2908.1,81816.0199,55598
2024-02-25 23:59:59.999,ETH,1d,2994.2,3118.3,3130.1,2985.1,163975.7195,89344
2024-02-26 23:59:59.999,ETH,1d,3118.2,3180.6,3203.6,3038.8,162058.8918,96835
2024-02-27 23:59:59.999,ETH,1d,3180.6,3247.9,3293.9,3168.3,149616.982,83564
2024-02-28 23:59:59.999,ETH,1d,3247.9,3386.0,3495.7,3043.7,205343.9825,117500
2024-02-29 23:59:59.999,ETH,1d,3385.7,3341.2,3529.2,3189.6,130166.3657,98206
2024-03-01 23:59:59.999,ETH,1d,3341.1,3436.2,3453.1,3340.6,89932.6111,63514
2024-03-02 23:59:59.999,ETH,1d,3436.0,3424.2,3464.0,3256.9,58394.7803,52182
2024-03-03 23:59:59.999,ETH,1d,3424.1,3492.3,3497.0,3360.2,68585.5208,56648
2024-03-04 23:59:59.999,ETH,1d,3492.4,3630.1,3644.2,3430.2,135996.576,82764
2024-03-05 23:59:59.999,ETH,1d,3630.4,3562.3,3830.3,3221.4,207181.5402,131116
2024-03-06 23:59:59.999,ETH,1d,3562.7,3824.3,3906.0,3506.0,128819.1655,94836
2024-03-07 23:59:59.999,ETH,1d,3824.3,3872.3,3938.5,3736.9,82354.4768,68246
2024-03-08 23:59:59.999,ETH,1d,3872.3,3889.1,4003.6,3824.9,103403.235,78605
2024-03-09 23:59:59.999,ETH,1d,3889.1,3910.3,3948.5,3873.9,34193.4211,44031
2024-03-10 23:59:59.999,ETH,1d,3910.2,3880.7,3970.2,3776.6,71637.2378,58268
2024-03-11 23:59:59.999,ETH,1d,3880.7,4069.7,4090.8,3734.7,106089.6605,98441
2024-03-12 23:59:59.999,ETH,1d,4070.0,3984.8,4095.8,3835.7,106212.5621,77131
2024-03-13 23:59:59.999,ETH,1d,3984.8,4010.0,4089.5,3937.7,74036.3599,66099
2024-03-14 23:59:59.999,ETH,1d,4009.9,3888.2,4014.9,3730.3,106257.9188,115362
2024-03-15 23:59:59.999,ETH,1d,3888.2,3746.1,3937.7,3572.3,148546.0294,118325
2024-03-16 23:59:59.999,ETH,1d,3746.1,3527.7,3785.1,3470.5,98467.0063,76240
2024-03-17 23:59:59.999,ETH,1d,3527.7,3649.3,3683.3,3418.2,95177.7082,76535
2024-03-18 23:59:59.999,ETH,1d,3648.7,3524.5,3649.2,3440.0,96971.5042,78857
2024-03-19 23:59:59.999,ETH,1d,3524.5,3163.2,3550.4,3153.6,229149.6983,131881
2024-03-20 23:59:59.999,ETH,1d,3163.1,3519.1,3538.3,3056.5,271435.7956,167849
2024-03-21 23:59:59.999,ETH,1d,3519.0,3496.5,3588.0,3414.4,113845.4461,103936
2024-03-22 23:59:59.999,ETH,1d,3496.0,3335.5,3546.0,3250.8,116235.5843,103336
2024-03-23 23:59:59.999,ETH,1d,3335.5,3331.1,3435.8,3271.8,70782.0748,70824
2024-03-24 23:59:59.999,ETH,1d,3331.1,3456.9,3474.1,3300.8,57710.5784,81464
2024-03-25 23:59:59.999,ETH,1d,3457.0,3593.9,3663.0,3422.0,102927.5916,103523
2024-03-26 23:59:59.999,ETH,1d,3593.9,3592.3,3681.8,3547.1,131811.9644,106945
2024-03-27 23:59:59.999,ETH,1d,3592.3,3506.2,3673.1,3464.6,84292.4868,109976
2024-03-28 23:59:59.999,ETH,1d,3506.2,3566.4,3616.0,3468.6,71662.3734,68542
2024-03-29 23:59:59.999,ETH,1d,3566.6,3513.4,3588.6,3476.8,78968.4278,87351
2024-03-30 23:59:59.999,ETH,1d,3513.3,3509.4,3568.9,3487.6,46338.6232,87691
2024-03-31 23:59:59.999,ETH,1d,3509.5,3649.6,3659.9,3507.8,66267.3877,103015
2024-04-01 23:59:59.999,ETH,1d,3649.5,3507.7,3649.7,3415.1,88231.6382,158988
2024-04-02 23:59:59.999,ETH,1d,3507.7,3281.8,3508.4,3213.3,128039.8043,302873
2024-04-03 23:59:59.999,ETH,1d,3281.7,3314.4,3369.9,3205.0,90068.7243,132485
2024-04-04 23:59:59.999,ETH,1d,3314.3,3331.1,3444.0,3253.5,103893.7322,147497
2024-04-05 23:59:59.999,ETH,1d,3331.0,3319.7,3351.4,3210.3,90945.2337,129678
2024-04-06 23:59:59.999,ETH,1d,3319.8,3353.9,3400.0,3309.5,53228.6717,106955
2024-04-07 23:59:59.999,ETH,1d,3354.0,3457.3,3462.9,3346.0,62862.2152,169855
2024-04-08 23:59:59.999,ETH,1d,3457.4,3699.0,3733.0,3410.0,137548.0911,314352
2024-04-09 23:59:59.999,ETH,1d,3698.9,3509.1,3728.6,3454.9,151317.7522,195647
2024-04-10 23:59:59.999,ETH,1d,3509.2,3547.8,3565.8,3414.3,109310.6711,136004
2024-04-11 23:59:59.999,ETH,1d,3547.9,3506.3,3620.8,3477.0,94878.6184,119457
2024-04-12 23:59:59.999,ETH,1d,3506.2,3239.5,3556.5,3109.0,156464.8883,155552
2024-04-13 23:59:59.999,ETH,1d,3239.5,3007.8,3302.7,2809.9,195793.528,174020
2024-04-14 23:59:59.999,ETH,1d,3007.8,3154.7,3171.9,2906.5,139580.7541,240904
2024-04-15 23:59:59.999,ETH,1d,3154.6,3102.4,3276.3,3022.0,164454.5977,385528
2024-04-16 23:59:59.999,ETH,1d,3102.6,3083.5,3127.7,2988.2,174080.6284,243060
2024-04-17 23:59:59.999,ETH,1d,3083.4,2983.4,3121.4,2917.2,160000.2346,225155
2024-04-18 23:59:59.999,ETH,1d,2983.3,3063.6,3091.6,2951.7,107653.6197,198238
2024-04-19 23:59:59.999,ETH,1d,3063.7,3054.5,3126.6,2864.8,139505.5296,201670
2024-04-20 23:59:59.999,ETH,1d,3054.5,3157.6,3174.1,3017.8,76777.9404,203941
2024-04-21 23:59:59.999,ETH,1d,3157.4,3149.2,3197.4,3116.5,83637.7138,201209
2024-04-22 23:59:59.999,ETH,1d,3149.1,3200.2,3240.1,3128.8,106032.8671,171990
2024-04-23 23:59:59.999,ETH,1d,3200.4,3219.9,3266.1,3147.9,103655.6037,145832
2024-04-24 23:59:59.999,ETH,1d,3219.9,3137.7,3293.0,3102.2,108185.0246,144526
2024-04-25 23:59:59.999,ETH,1d,3137.6,3157.4,3191.9,3072.4,82608.7091,99858
2024-04-26 23:59:59.999,ETH,1d,3157.3,3131.7,3168.4,3105.0,56323.1468,103087
2024-04-27 23:59:59.999,ETH,1d,3131.8,3259.4,3286.4,3050.3,74608.2538,125917
2024-04-28 23:59:59.999,ETH,1d,3259.5,3261.8,3375.8,3250.4,95339.2535,138004
2024-04-29 23:59:59.999,ETH,1d,3261.8,3217.4,3286.8,3113.8,128711.0732,159633
2024-04-30 23:59:59.999,ETH,1d,3217.6,3014.1,3251.7,2922.0,151354.689,167281
2024-05-01 23:59:59.999,ETH,1d,3014.2,2971.2,3023.0,2815.3,102198.5418,84875
2024-05-02 23:59:59.999,ETH,1d,2971.0,2986.0,3014.4,2893.7,54984.788,43442
2024-05-03 23:59:59.999,ETH,1d,2985.1,3100.9,3124.0,2957.8,47762.0951,43278
2024-05-04 23:59:59.999,ETH,1d,3100.5,3114.4,3165.4,3086.4,29303.7616,26513
2024-05-05 23:59:59.999,ETH,1d,3114.5,3134.4,3169.5,3072.1,30974.8398,32647
2024-05-06 23:59:59.999,ETH,1d,3134.4,3065.6,3220.2,3047.2,60157.5973,48330
2024-05-07 23:59:59.999,ETH,1d,3065.8,3005.2,3130.2,3000.0,71384.4591,47308
2024-05-08 23:59:59.999,ETH,1d,3005.3,2975.6,3040.4,2937.9,89144.7152,48688
2024-05-09 23:59:59.999,ETH,1d,2975.2,3035.4,3056.9,2950.4,44885.8334,33520
2024-05-10 23:59:59.999,ETH,1d,3035.5,2911.6,3053.7,2880.3,66814.3068,43613
2024-05-11 23:59:59.999,ETH,1d,2911.5,2910.8,2946.4,2886.0,25929.1505,19475
2024-05-12 23:59:59.999,ETH,1d,2910.8,2928.2,2953.8,2900.0,30510.2833,24589
2024-05-13 23:59:59.999,ETH,1d,2928.2,2950.9,2994.0,2862.3,71876.681,38956
2024-05-14 23:59:59.999,ETH,1d,2950.8,2881.7,2960.2,2861.5,61566.9211,42203
2024-05-15 23:59:59.999,ETH,1d,2881.9,3030.7,3039.3,2863.9,54161.503,41656
2024-05-16 23:59:59.999,ETH,1d,3030.2,2947.7,3039.6,2924.7,39929.7697,34084
2024-05-17 23:59:59.999,ETH,1d,2947.4,3094.4,3121.6,2936.0,64816.2796,44482
2024-05-18 23:59:59.999,ETH,1d,3094.3,3126.2,3150.0,3085.6,32212.6267,29028
2024-05-19 23:59:59.999,ETH,1d,3126.1,3073.1,3139.6,3049.0,47191.8846,29844
2024-05-20 23:59:59.999,ETH,1d,3072.9,3667.8,3701.0,3047.8,167604.488,80095
2024-05-21 23:59:59.999,ETH,1d,3667.8,3794.1,3845.5,3630.0,116429.0181,66732
2024-05-22 23:59:59.999,ETH,1d,3793.3,3741.4,3818.0,3658.6,102391.3521,52309
2024-05-23 23:59:59.999,ETH,1d,3741.4,3785.4,3955.4,3500.6,258446.1532,124820
2024-05-24 23:59:59.999,ETH,1d,3783.8,3730.5,3832.8,3631.7,102384.7192,62691
2024-05-25 23:59:59.999,ETH,1d,3730.5,3753.8,3781.6,3712.5,24483.7392,28684
2024-05-26 23:59:59.999,ETH,1d,3753.7,3829.9,3888.7,3733.2,49171.6906,42482
2024-05-27 23:59:59.999,ETH,1d,3829.3,3898.4,3980.8,3825.7,71498.7483,51000
2024-05-28 23:59:59.999,ETH,1d,3898.4,3845.6,3936.6,3777.0,86880.8517,51730
2024-05-29 23:59:59.999,ETH,1d,3845.6,3769.1,3889.0,3744.2,65998.89,38445
2024-05-30 23:59:59.999,ETH,1d,3769.2,3749.4,3829.1,3704.2,74867.7538,45021
2024-05-31 23:59:59.999,ETH,1d,3749.1,3763.9,3848.6,3725.3,81337.4267,44817
2024-06-01 23:59:59.999,ETH,1d,3763.9,3815.9,3835.0,3755.0,34431.811,22793
2024-06-02 23:59:59.999,ETH,1d,3815.7,3784.6,3838.2,3755.1,44941.1543,39261
2024-06-03 23:59:59.999,ETH,1d,3784.5,3769.1,3855.1,3760.6,51298.4071,40545
2024-06-04 23:59:59.999,ETH,1d,3769.1,3814.9,3834.2,3725.0,43559.0004,37519
2024-06-05 23:59:59.999,ETH,1d,3814.9,3868.7,3893.2,3780.0,61557.2619,42528
2024-06-06 23:59:59.999,ETH,1d,3868.7,3817.3,3883.3,3761.8,50100.2827,34829
2024-06-07 23:59:59.999,ETH,1d,3817.3,3681.9,3845.7,3600.0,100810.2379,55140
2024-06-08 23:59:59.999,ETH,1d,3682.3,3684.8,3712.8,3661.5,23716.5917,25361
2024-06-09 23:59:59.999,ETH,1d,3684.8,3709.5,3724.5,3667.8,21108.4663,20941
2024-06-10 23:59:59.999,ETH,1d,3709.4,3669.2,3716.3,3642.0,44449.9648,31515
2024-06-11 23:59:59.999,ETH,1d,3669.1,3499.2,3673.9,3435.7,124725.761,68263
2024-06-12 23:59:59.999,ETH,1d,3499.2,3560.2,3660.7,3463.4,113696.5382,59280
2024-06-13 23:59:59.999,ETH,1d,3560.4,3470.9,3560.8,3428.5,109245.5086,47451
2024-06-14 23:59:59.999,ETH,1d,3470.8,3485.4,3535.2,3365.1,144662.8799,60385
2024-06-15 23:59:59.999,ETH,1d,3485.3,3570.7,3595.0,3476.6,58002.4267,38889
2024-06-16 23:59:59.999,ETH,1d,3570.8,3628.0,3656.8,3541.1,58725.7973,32370
2024-06-17 23:59:59.999,ETH,1d,3628.1,3510.2,3639.8,3467.8,160230.4838,67301
2024-06-18 23:59:59.999,ETH,1d,3510.3,3483.6,3515.9,3354.8,180354.7441,78416
2024-06-19 23:59:59.999,ETH,1d,3483.7,3560.2,3587.9,3466.9,93812.9909,56573
2024-06-20 23:59:59.999,ETH,1d,3560.3,3513.7,3626.5,3486.0,82812.2813,43235
2024-06-21 23:59:59.999,ETH,1d,3513.4,3520.1,3549.7,3445.5,91887.17,49279
2024-06-22 23:59:59.999,ETH,1d,3520.2,3498.9,3522.5,3475.9,25834.3341,43556
2024-06-23 23:59:59.999,ETH,1d,3498.9,3422.9,3523.6,3405.0,51363.2212,45493
2024-06-24 23:59:59.999,ETH,1d,3422.3,3353.7,3436.0,3226.3,204274.4447,83961
2024-06-25 23:59:59.999,ETH,1d,3353.8,3395.1,3430.9,3338.7,57799.8376,41976
2024-06-26 23:59:59.999,ETH,1d,3395.1,3370.9,3426.8,3325.6,73878.8754,53631
2024-06-27 23:59:59.999,ETH,1d,3370.9,3454.7,3481.2,3358.9,57536.9947,39277
2024-06-28 23:59:59.999,ETH,1d,3454.7,3380.4,3491.1,3364.6,82983.5099,37614
2024-06-29 23:59:59.999,ETH,1d,3380.3,3378.0,3408.3,3370.4,20925.1546,20556
2024-06-30 23:59:59.999,ETH,1d,3377.9,3440.3,3462.5,3352.5,35952.9306,24187
2024-07-01 23:59:59.999,ETH,1d,3440.3,3443.4,3525.2,3425.7,60723.9827,43558
2024-07-02 23:59:59.999,ETH,1d,3443.6,3423.5,3467.2,3405.0,67278.4328,32213
2024-07-03 23:59:59.999,ETH,1d,3423.5,3295.6,3434.0,3250.6,120339.0682,56598
2024-07-04 23:59:59.999,ETH,1d,3297.3,3060.6,3312.6,3051.7,209835.0374,82098
2024-07-05 23:59:59.999,ETH,1d,3060.5,2980.6,3107.3,2815.3,280772.8586,111505
2024-07-06 23:59:59.999,ETH,1d,2980.6,3063.7,3078.3,2952.0,70386.2497,39752
2024-07-07 23:59:59.999,ETH,1d,3064.7,2928.3,3071.8,2919.2,56192.8209,33973
2024-07-08 23:59:59.999,ETH,1d,2928.2,3019.6,3090.6,2817.9,173892.8586,77012
2024-07-09 23:59:59.999,ETH,1d,3019.6,3066.1,3117.2,3004.8,126615.3649,57745
2024-07-10 23:59:59.999,ETH,1d,3066.0,3100.6,3150.8,3023.1,142876.1796,65015
2024-07-11 23:59:59.999,ETH,1d,3100.6,3097.7,3217.4,3054.5,115523.9332,52990
2024-07-12 23:59:59.999,ETH,1d,3098.4,3136.0,3159.3,3047.2,82460.8904,38531
2024-07-13 23:59:59.999,ETH,1d,3136.1,3176.8,3205.2,3111.9,34125.0876,25248
2024-07-14 23:59:59.999,ETH,1d,3176.9,3244.2,3269.7,3164.4,42483.3367,35075
2024-07-15 23:59:59.999,ETH,1d,3244.2,3483.2,3493.6,3233.0,127390.0427,73410
2024-07-16 23:59:59.999,ETH,1d,3483.2,3444.4,3498.6,3344.0,130392.0348,72667
2024-07-17 23:59:59.999,ETH,1d,3445.5,3386.5,3519.4,3375.0,139547.9675,71851
2024-07-18 23:59:59.999,ETH,1d,3387.4,3428.0,3490.9,3371.9,140760.1871,74100
2024-07-19 23:59:59.999,ETH,1d,3427.6,3505.6,3539.0,3378.9,116385.9751,73405
2024-07-20 23:59:59.999,ETH,1d,3507.0,3520.2,3540.9,3480.0,33870.2466,32103
2024-07-21 23:59:59.999,ETH,1d,3520.0,3536.8,3549.1,3411.2,78136.4409,52637
2024-07-22 23:59:59.999,ETH,1d,3537.6,3443.1,3565.8,3425.2,95090.958,59042
2024-07-23 23:59:59.999,ETH,1d,3443.0,3485.4,3545.0,3392.4,214849.7051,120512
2024-07-24 23:59:59.999,ETH,1d,3485.4,3338.9,3489.7,3297.0,114209.7728,71921
2024-07-25 23:59:59.999,ETH,1d,3338.8,3174.4,3345.7,3086.4,183236.2919,93843
2024-07-26 23:59:59.999,ETH,1d,3174.3,3275.7,3287.4,3170.3,65067.9726,49784
2024-07-27 23:59:59.999,ETH,1d,3275.4,3249.3,3329.9,3192.0,57825.551,40037
2024-07-28 23:59:59.999,ETH,1d,3249.4,3270.9,3285.7,3200.0,32078.9553,25879
2024-07-29 23:59:59.999,ETH,1d,3270.9,3321.5,3399.8,3259.5,96984.3314,61683
2024-07-30 23:59:59.999,ETH,1d,3321.3,3279.6,3371.0,3232.4,90645.942,61885
2024-07-31 23:59:59.999,ETH,1d,3279.4,3233.0,3352.6,3213.2,117952.5113,59237
2024-08-01 23:59:59.999,ETH,1d,3233.0,3202.8,3243.3,3078.7,104804.3507,59315
2024-08-02 23:59:59.999,ETH,1d,3202.6,2987.8,3218.0,2964.4,102483.5776,71714
2024-08-03 23:59:59.999,ETH,1d,2987.8,2901.9,3016.9,2857.0,84030.9438,51876
2024-08-04 23:59:59.999,ETH,1d,2902.2,2686.7,2933.9,2631.1,144438.1324,69088
2024-08-05 23:59:59.999,ETH,1d,2686.9,2416.8,2695.0,2100.0,608783.4384,232747
2024-08-06 23:59:59.999,ETH,1d,2417.4,2458.3,2552.9,2414.7,128024.5897,71630
2024-08-07 23:59:59.999,ETH,1d,2458.7,2340.4,2549.1,2306.3,206969.1466,85025
2024-08-08 23:59:59.999,ETH,1d,2340.4,2680.9,2722.7,2319.0,130703.7492,67377
2024-08-09 23:59:59.999,ETH,1d,2680.2,2597.3,2705.1,2551.3,93646.7504,56986
2024-08-10 23:59:59.999,ETH,1d,2597.6,2609.8,2643.5,2574.6,40554.0087,26694
2024-08-11 23:59:59.999,ETH,1d,2609.7,2554.0,2720.4,2538.5,100022.6923,59415
2024-08-12 23:59:59.999,ETH,1d,2553.9,2723.6,2750.7,2510.2,134771.2099,75254
2024-08-13 23:59:59.999,ETH,1d,2723.7,2701.9,2739.0,2610.6,142190.5948,97802
2024-08-14 23:59:59.999,ETH,1d,2701.8,2662.1,2783.5,2633.0,170865.4113,83624
2024-08-15 23:59:59.999,ETH,1d,2662.1,2568.8,2674.9,2513.4,130086.3778,67525
2024-08-16 23:59:59.999,ETH,1d,2569.2,2591.2,2630.0,2549.4,82034.9483,48357
2024-08-17 23:59:59.999,ETH,1d,2591.2,2613.0,2626.6,2585.8,30270.9333,28609
2024-08-18 23:59:59.999,ETH,1d,2613.0,2610.9,2685.7,2592.9,51623.9491,34803
2024-08-19 23:59:59.999,ETH,1d,2610.8,2636.3,2647.2,2561.0,89938.5711,46216
2024-08-20 23:59:59.999,ETH,1d,2636.6,2571.1,2695.9,2554.2,61989.8652,43616
2024-08-21 23:59:59.999,ETH,1d,2571.0,2629.8,2664.0,2535.9,86718.8259,52635
2024-08-22 23:59:59.999,ETH,1d,2629.7,2622.7,2645.2,2582.6,54733.2667,35781
2024-08-23 23:59:59.999,ETH,1d,2622.7,2762.1,2801.2,2621.6,104912.0898,60815
2024-08-24 23:59:59.999,ETH,1d,2762.6,2769.4,2820.6,2730.0,94290.6577,56942
2024-08-25 23:59:59.999,ETH,1d,2769.3,2745.6,2793.0,2731.4,48118.2195,41870
2024-08-26 23:59:59.999,ETH,1d,2745.6,2679.2,2760.7,2664.9,92029.2614,60360
2024-08-27 23:59:59.999,ETH,1d,2679.0,2455.1,2698.7,2394.0,147108.1847,61148
2024-08-28 23:59:59.999,ETH,1d,2455.3,2526.9,2554.5,2417.9,160942.4029,71699
2024-08-29 23:59:59.999,ETH,1d,2527.4,2527.4,2595.9,2505.3,71563.9903,43568
2024-08-30 23:59:59.999,ETH,1d,2527.1,2525.2,2547.6,2431.5,75274.5618,42675
2024-08-31 23:59:59.999,ETH,1d,2525.6,2512.5,2533.6,2491.5,21116.8086,23198
2024-09-01 23:59:59.999,ETH,1d,2512.0,2424.3,2515.0,2399.3,60790.1211,32647
2024-09-02 23:59:59.999,ETH,1d,2424.3,2537.2,2564.7,2422.6,64929.5057,36570
2024-09-03 23:59:59.999,ETH,1d,2538.0,2423.9,2552.6,2407.1,66962.5345,34531
2024-09-04 23:59:59.999,ETH,1d,2423.3,2448.8,2487.8,2310.0,123887.9711,54381
2024-09-05 23:59:59.999,ETH,1d,2448.8,2367.6,2464.7,2346.4,72138.4177,46280
2024-09-06 23:59:59.999,ETH,1d,2367.4,2224.4,2407.4,2149.9,147006.8458,63502
2024-09-07 23:59:59.999,ETH,1d,2224.5,2272.7,2309.0,2220.7,60202.19,37038
2024-09-08 23:59:59.999,ETH,1d,2273.2,2295.8,2332.1,2241.3,68821.0799,44142
2024-09-09 23:59:59.999,ETH,1d,2296.5,2358.7,2380.8,2271.7,111988.5301,51418
2024-09-10 23:59:59.999,ETH,1d,2358.7,2387.3,2398.0,2320.3,84029.0416,37006
2024-09-11 23:59:59.999,ETH,1d,2387.9,2339.6,2388.6,2277.0,64200.8066,37546
2024-09-12 23:59:59.999,ETH,1d,2339.6,2361.9,2393.7,2314.8,64632.9823,27784
2024-09-13 23:59:59.999,ETH,1d,2361.6,2438.4,2465.0,2336.2,69881.4706,32916
2024-09-14 23:59:59.999,ETH,1d,2439.4,2418.2,2440.3,2382.4,33072.871,18289
2024-09-15 23:59:59.999,ETH,1d,2418.2,2316.0,2430.5,2281.6,58803.8699,27189
2024-09-16 23:59:59.999,ETH,1d,2316.0,2296.7,2336.5,2252.8,92240.3145,33693
2024-09-17 23:59:59.999,ETH,1d,2296.8,2341.8,2393.2,2263.2,69489.3566,37043
2024-09-18 23:59:59.999,ETH,1d,2341.8,2374.3,2376.4,2276.2,104561.197,47353
2024-09-19 23:59:59.999,ETH,1d,2374.8,2464.8,2492.7,2372.9,90107.3599,43155
2024-09-20 23:59:59.999,ETH,1d,2465.2,2563.7,2578.4,2437.1,90649.1055,47325
2024-09-21 23:59:59.999,ETH,1d,2563.6,2614.3,2623.6,2530.6,49125.3432,26370
2024-09-22 23:59:59.999,ETH,1d,2614.4,2583.4,2632.8,2526.1,78260.7809,37186
2024-09-23 23:59:59.999,ETH,1d,2583.5,2648.4,2704.8,2540.9,129712.6467,59738
2024-09-24 23:59:59.999,ETH,1d,2648.4,2654.4,2672.9,2593.2,88924.6397,38327
2024-09-25 23:59:59.999,ETH,1d,2655.5,2580.0,2674.8,2554.3,108885.4491,41193
2024-09-26 23:59:59.999,ETH,1d,2579.9,2631.9,2666.7,2557.7,119616.0917,45908
2024-09-27 23:59:59.999,ETH,1d,2632.0,2696.2,2729.6,2615.4,81353.8311,39329
2024-09-28 23:59:59.999,ETH,1d,2696.5,2674.5,2706.0,2650.4,44971.7935,23025
2024-09-29 23:59:59.999,ETH,1d,2674.6,2657.7,2683.1,2634.2,35612.7853,20865
2024-09-30 23:59:59.999,ETH,1d,2657.7,2604.2,2663.8,2576.1,95973.0712,41633
2024-10-01 23:59:59.999,ETH,1d,2604.1,2448.7,2660.8,2415.7,222683.3284,78965
2024-10-02 23:59:59.999,ETH,1d,2448.6,2364.1,2499.8,2350.6,166316.5841,51936
2024-10-03 23:59:59.999,ETH,1d,2364.0,2348.8,2402.8,2309.0,101098.4715,40100
2024-10-04 23:59:59.999,ETH,1d,2349.0,2413.0,2440.5,2338.9,60961.0161,25280
2024-10-05 23:59:59.999,ETH,1d,2413.0,2413.8,2427.6,2388.7,39145.0322,13832
2024-10-06 23:59:59.999,ETH,1d,2413.7,2438.4,2456.2,2406.3,41643.2313,16517
2024-10-07 23:59:59.999,ETH,1d,2438.5,2421.2,2520.3,2401.3,69149.5403,32759
2024-10-08 23:59:59.999,ETH,1d,2421.2,2439.5,2465.5,2401.0,76317.6202,29849
2024-10-09 23:59:59.999,ETH,1d,2439.4,2368.8,2472.4,2348.6,91280.3243,35029
2024-10-10 23:59:59.999,ETH,1d,2368.9,2385.4,2419.1,2330.0,106514.8563,39206
2024-10-11 23:59:59.999,ETH,1d,2385.4,2437.4,2470.4,2381.5,52754.9182,25966
2024-10-12 23:59:59.999,ETH,1d,2437.7,2475.4,2488.5,2432.9,24320.0481,16122
2024-10-13 23:59:59.999,ETH,1d,2475.3,2467.7,2483.9,2436.1,23209.6307,17760
2024-10-14 23:59:59.999,ETH,1d,2467.8,2629.2,2653.2,2442.6,107874.7721,46734
2024-10-15 23:59:59.999,ETH,1d,2629.3,2606.8,2687.8,2533.9,143429.8749,54554
2024-10-16 23:59:59.999,ETH,1d,2606.6,2610.3,2647.4,2587.6,67601.6318,28376
2024-10-17 23:59:59.999,ETH,1d,2610.3,2604.8,2647.0,2574.9,44334.8295,23005
2024-10-18 23:59:59.999,ETH,1d,2604.6,2642.0,2676.0,2595.4,60436.3562,27217
2024-10-19 23:59:59.999,ETH,1d,2642.2,2648.6,2663.9,2631.7,25304.7263,14970
2024-10-20 23:59:59.999,ETH,1d,2648.7,2747.8,2759.6,2635.7,57450.4788,27722
2024-10-21 23:59:59.999,ETH,1d,2747.7,2665.6,2769.9,2655.2,68692.5723,27175
2024-10-22 23:59:59.999,ETH,1d,2665.6,2622.0,2670.5,2605.8,57085.3704,27498
2024-10-23 23:59:59.999,ETH,1d,2622.0,2524.6,2625.8,2455.0,103456.5847,37944
2024-10-24 23:59:59.999,ETH,1d,2524.7,2535.3,2561.2,2507.7,65318.15,28350
2024-10-25 23:59:59.999,ETH,1d,2535.2,2440.4,2565.5,2382.8,144837.7244,48719
2024-10-26 23:59:59.999,ETH,1d,2440.5,2482.1,2506.7,2430.0,62254.8858,23737
2024-10-27 23:59:59.999,ETH,1d,2482.1,2507.9,2526.9,2464.2,39066.9252,21855
2024-10-28 23:59:59.999,ETH,1d,2507.8,2567.1,2588.8,2470.2,74239.9105,33830
2024-10-29 23:59:59.999,ETH,1d,2567.2,2640.4,2681.6,2561.3,81510.1952,36220
2024-10-30 23:59:59.999,ETH,1d,2640.5,2660.1,2724.6,2601.0,69842.0919,38782
2024-10-31 23:59:59.999,ETH,1d,2660.1,2519.2,2669.8,2503.9,83022.5702,34255
2024-11-01 23:59:59.999,ETH,1d,2519.2,2512.3,2586.8,2470.8,91863.806,38069
2024-11-02 23:59:59.999,ETH,1d,2512.0,2493.0,2523.3,2469.1,25287.5501,15439
2024-11-03 23:59:59.999,ETH,1d,2492.9,2456.4,2495.5,2410.6,66524.6399,28731
2024-11-04 23:59:59.999,ETH,1d,2456.4,2396.6,2489.9,2355.8,65814.9774,25874
2024-11-05 23:59:59.999,ETH,1d,2396.5,2422.8,2480.7,2380.0,74315.8662,31676
2024-11-06 23:59:59.999,ETH,1d,2422.8,2724.5,2749.0,2421.2,255434.5962,90085
2024-11-07 23:59:59.999,ETH,1d,2724.6,2897.7,2918.9,2702.1,226667.0538,90434
2024-11-08 23:59:59.999,ETH,1d,2898.4,2964.0,2985.0,2888.1,152066.9812,67331
2024-11-09 23:59:59.999,ETH,1d,2964.0,3129.4,3161.3,2956.0,149453.7528,69379
2024-11-10 23:59:59.999,ETH,1d,3129.3,3186.6,3251.3,3075.0,226178.6334,91945
2024-11-11 23:59:59.999,ETH,1d,3186.5,3375.4,3393.4,3109.2,336279.7493,126779
2024-11-12 23:59:59.999,ETH,1d,3375.3,3247.7,3451.9,3211.6,317309.9102,116881
2024-11-13 23:59:59.999,ETH,1d,3247.6,3190.6,3335.0,3120.0,320000.093,106411
2024-11-14 23:59:59.999,ETH,1d,3190.6,3060.9,3244.0,3031.6,203795.4526,66105
2024-11-15 23:59:59.999,ETH,1d,3060.9,3092.3,3132.9,3016.4,232106.5255,67100
2024-11-16 23:59:59.999,ETH,1d,3091.4,3132.2,3225.1,3072.3,124661.6444,52887
2024-11-17 23:59:59.999,ETH,1d,3132.5,3078.3,3164.3,3035.9,97114.2693,47581
2024-11-18 23:59:59.999,ETH,1d,3078.7,3213.0,3228.2,3053.4,174675.3725,67430
2024-11-19 23:59:59.999,ETH,1d,3212.5,3110.7,3225.4,3067.3,106368.954,48180
2024-11-20 23:59:59.999,ETH,1d,3110.6,3071.6,3160.8,3031.9,113587.2328,42278
2024-11-21 23:59:59.999,ETH,1d,3071.7,3358.9,3391.4,3034.7,252623.0546,85150
2024-11-22 23:59:59.999,ETH,1d,3358.8,3332.1,3431.6,3260.0,189242.9696,80789
2024-11-23 23:59:59.999,ETH,1d,3332.4,3396.7,3500.0,3316.3,136521.1439,52583
2024-11-24 23:59:59.999,ETH,1d,3396.8,3363.6,3452.9,3285.2,102407.6983,38591
2024-11-25 23:59:59.999,ETH,1d,3363.9,3417.9,3549.2,3302.2,259866.7643,94012
2024-11-26 23:59:59.999,ETH,1d,3418.0,3328.4,3465.1,3254.1,198441.5941,67793
2024-11-27 23:59:59.999,ETH,1d,3328.3,3656.5,3688.8,3305.2,203318.7263,82787
2024-11-28 23:59:59.999,ETH,1d,3656.5,3581.7,3664.9,3532.5,152070.6926,62996
2024-11-29 23:59:59.999,ETH,1d,3581.8,3596.0,3649.0,3540.0,113352.1888,53958
2024-11-30 23:59:59.999,ETH,1d,3596.0,3706.9,3742.6,3573.2,170584.7912,64865
2024-12-01 23:59:59.999,ETH,1d,3706.9,3711.2,3750.0,3660.7,137567.733,56039
2024-12-02 23:59:59.999,ETH,1d,3711.1,3646.7,3765.0,3555.8,392776.5773,109152
2024-12-03 23:59:59.999,ETH,1d,3647.2,3617.7,3673.8,3501.7,238996.0286,77486
2024-12-04 23:59:59.999,ETH,1d,3617.7,3842.1,3891.7,3617.6,425009.6493,120420
2024-12-05 23:59:59.999,ETH,1d,3841.7,3791.2,3964.2,3643.8,564840.2711,165192
2024-12-06 23:59:59.999,ETH,1d,3791.2,4003.5,4090.0,3783.0,421018.8868,124607
2024-12-07 23:59:59.999,ETH,1d,4003.6,3999.9,4029.1,3971.4,131729.1837,52488
2024-12-08 23:59:59.999,ETH,1d,3999.9,4008.5,4021.2,3922.0,210127.7431,68698
2024-12-09 23:59:59.999,ETH,1d,4008.6,3715.9,4009.9,3470.1,712990.382,197989
2024-12-10 23:59:59.999,ETH,1d,3716.0,3631.1,3786.5,3518.9,594961.6335999999,170398
2024-12-11 23:59:59.999,ETH,1d,3631.1,3833.8,3850.0,3563.3,289552.3455,105587
2024-12-12 23:59:59.999,ETH,1d,3833.7,3886.7,3990.5,3796.0,352388.7248,127654
2024-12-13 23:59:59.999,ETH,1d,3886.6,3908.9,3971.6,3854.0,271119.4354,104393
2024-12-14 23:59:59.999,ETH,1d,3908.9,3873.4,3950.2,3824.3,210702.081,71695
2024-12-15 23:59:59.999,ETH,1d,3873.3,3968.5,3985.8,3832.0,264894.6283,89940
2024-12-16 23:59:59.999,ETH,1d,3968.5,3988.6,4109.7,3885.8,558796.2054,168526
2024-12-17 23:59:59.999,ETH,1d,3988.6,3893.6,4050.0,3846.1,472878.1282,149432
2024-12-18 23:59:59.999,ETH,1d,3893.3,3627.1,3912.1,3615.7,630844.4547999999,202534
2024-12-19 23:59:59.999,ETH,1d,3627.1,3414.1,3723.0,3295.4,1211197.5144,316220
2024-12-20 23:59:59.999,ETH,1d,3414.2,3469.3,3495.6,3100.3,979593.6128999999,305654
2024-12-21 23:59:59.999,ETH,1d,3469.7,3336.0,3555.3,3290.6,425947.4342,139491
2024-12-22 23:59:59.999,ETH,1d,3337.6,3280.9,3400.9,3216.5,480690.9758,148816
2024-12-23 23:59:59.999,ETH,1d,3281.4,3424.5,3469.0,3215.6,561923.817,188012
2024-12-24 23:59:59.999,ETH,1d,3424.4,3494.0,3540.0,3357.6,356223.5483,133184
2024-12-25 23:59:59.999,ETH,1d,3493.8,3499.4,3552.3,3441.4,224432.317,86358
2024-12-26 23:59:59.999,ETH,1d,3498.9,3335.2,3517.9,3304.1,347738.7009,115433
2024-12-27 23:59:59.999,ETH,1d,3335.1,3334.9,3442.1,3306.7,325377.9856,118819
2024-12-28 23:59:59.999,ETH,1d,3335.0,3404.8,3437.2,3323.0,181702.3866,90330
2024-12-29 23:59:59.999,ETH,1d,3404.7,3356.7,3414.3,3325.8,172815.5952,82659
2024-12-30 23:59:59.999,ETH,1d,3356.8,3362.2,3439.1,3307.4,455935.4193,144479
2024-12-31 23:59:59.999,ETH,1d,3362.3,3336.8,3450.0,3316.0,239438.8958,98593
2025-01-01 23:59:59.999,ETH,1d,3336.8,3363.2,3377.4,3315.4,129100.4128,59790
2025-01-02 23:59:59.999,ETH,1d,3363.2,3457.6,3510.0,3357.3,273895.5306,104215
2025-01-03 23:59:59.999,ETH,1d,3457.6,3610.5,3634.1,3423.4,309989.8637,128193
2025-01-04 23:59:59.999,ETH,1d,3610.5,3657.8,3672.8,3572.9,222374.5905,109598
2025-01-05 23:59:59.999,ETH,1d,3657.9,3636.0,3677.0,3595.0,184041.0452,87873
2025-01-06 23:59:59.999,ETH,1d,3635.9,3685.8,3744.8,3610.1,360308.8376,140216
2025-01-07 23:59:59.999,ETH,1d,3685.8,3381.2,3702.2,3355.0,679954.1879,215428
2025-01-08 23:59:59.999,ETH,1d,3381.0,3329.5,3416.8,3207.7,526814.2634000001,195865
2025-01-09 23:59:59.999,ETH,1d,3329.3,3216.3,3359.6,3154.9,624996.0788,206363
2025-01-10 23:59:59.999,ETH,1d,3216.9,3265.7,3321.3,3192.4,388345.6927,163417
2025-01-11 23:59:59.999,ETH,1d,3265.6,3284.2,3322.3,3218.0,167808.5388,80710
2025-01-12 23:59:59.999,ETH,1d,3284.1,3268.0,3301.7,3224.6,138733.0784,66399
2025-01-13 23:59:59.999,ETH,1d,3268.0,3137.6,3340.0,2920.0,760363.6549,250842
2025-01-14 23:59:59.999,ETH,1d,3137.5,3223.4,3254.1,3126.0,334443.2404,127978
2025-01-15 23:59:59.999,ETH,1d,3223.7,3451.1,3473.6,3184.6,403177.1889,139266
2025-01-16 23:59:59.999,ETH,1d,3451.1,3309.3,3460.3,3264.0,350717.8151,131853
2025-01-17 23:59:59.999,ETH,1d,3309.3,3473.9,3526.6,3308.0,449138.4829,149035
2025-01-18 23:59:59.999,ETH,1d,3475.0,3311.2,3495.9,3223.8,566662.6506000001,204043
2025-01-19 23:59:59.999,ETH,1d,3311.3,3212.6,3456.7,3106.8,1069667.8026999999,396156
2025-01-20 23:59:59.999,ETH,1d,3213.1,3285.1,3464.9,3140.9,932445.0171000001,412306
2025-01-21 23:59:59.999,ETH,1d,3285.1,3330.2,3371.4,3202.2,413507.953,210011
2025-01-22 23:59:59.999,ETH,1d,3330.2,3240.7,3368.0,3219.4,274805.525,150951
2025-01-23 23:59:59.999,ETH,1d,3240.7,3340.1,3349.8,3163.5,509156.4514,237443
2025-01-24 23:59:59.999,ETH,1d,3340.2,3309.4,3430.7,3272.9,407409.8824,217046
2025-01-25 23:59:59.999,ETH,1d,3309.4,3317.4,3349.9,3267.1,193571.0966,103202
2025-01-26 23:59:59.999,ETH,1d,3317.4,3230.9,3361.4,3226.1,227992.0622,117609
2025-01-27 23:59:59.999,ETH,1d,3230.9,3181.5,3252.9,3017.6,846802.662,316983
2025-01-28 23:59:59.999,ETH,1d,3181.5,3076.0,3224.0,3034.2,555760.7354,219261
2025-01-29 23:59:59.999,ETH,1d,3076.0,3113.1,3183.1,3050.8,719463.0212,241321
2025-01-30 23:59:59.999,ETH,1d,3113.2,3247.7,3284.8,3089.3,484411.0857,178698
2025-01-31 23:59:59.999,ETH,1d,3247.7,3302.6,3440.0,3213.9,785103.7238,283117
2025-02-01 23:59:59.999,ETH,1d,3302.7,3114.5,3334.3,3100.0,521271.9262,198825
2025-02-02 23:59:59.999,ETH,1d,3115.3,2870.2,3161.6,2751.1,971944.5917,323967
2025-02-03 23:59:59.999,ETH,1d,2870.1,2878.8,2920.0,2097.3,2432802.2999999998,711919
2025-02-04 23:59:59.999,ETH,1d,2878.7,2730.6,2887.4,2631.9,1397325.6982,467522
2025-02-05 23:59:59.999,ETH,1d,2730.6,2788.3,2826.3,2698.1,703968.7205000001,241865
2025-02-06 23:59:59.999,ETH,1d,2787.8,2687.7,2858.1,2656.3,637784.8369,237387
2025-02-07 23:59:59.999,ETH,1d,2687.4,2621.6,2796.9,2561.2,631061.8277,222871
2025-02-08 23:59:59.999,ETH,1d,2621.6,2630.6,2665.9,2587.4,303478.5601,117478
2025-02-09 23:59:59.999,ETH,1d,2631.1,2626.8,2694.8,2521.0,381641.3621,107239
2025-02-10 23:59:59.999,ETH,1d,2626.8,2659.8,2693.6,2555.4,449186.5033,143185
2025-02-11 23:59:59.999,ETH,1d,2659.8,2602.8,2724.7,2551.6,785476.9979,203606
2025-02-12 23:59:59.999,ETH,1d,2602.7,2738.9,2797.3,2546.5,842701.5729,251379
2025-02-13 23:59:59.999,ETH,1d,2738.9,2674.4,2758.6,2611.8,493040.1327,162333
2025-02-14 23:59:59.999,ETH,1d,2674.5,2724.0,2792.4,2663.4,460175.4035,179361
2025-02-15 23:59:59.999,ETH,1d,2724.0,2691.3,2739.0,2654.2,251348.2092,92368
2025-02-16 23:59:59.999,ETH,1d,2691.2,2660.0,2727.8,2649.1,248600.099,71629
2025-02-17 23:59:59.999,ETH,1d,2659.9,2743.0,2848.1,2633.0,601226.0939,203370
2025-02-18 23:59:59.999,ETH,1d,2742.9,2671.5,2756.4,2604.2,625883.6426,189658
2025-02-19 23:59:59.999,ETH,1d,2671.4,2714.3,2736.4,2655.7,315777.001,106443
2025-02-20 23:59:59.999,ETH,1d,2714.2,2737.0,2770.0,2706.4,381236.5193,118298
2025-02-21 23:59:59.999,ETH,1d,2737.1,2664.4,2845.0,2615.4,1133883.8858,361723
2025-02-22 23:59:59.999,ETH,1d,2664.9,2763.1,2799.6,2654.8,372352.9201,152181
2025-02-23 23:59:59.999,ETH,1d,2763.3,2818.2,2858.3,2744.5,553274.7594,193747
2025-02-24 23:59:59.999,ETH,1d,2818.2,2513.4,2842.6,2472.3,1034502.3325,281668
2025-02-25 23:59:59.999,ETH,1d,2513.3,2493.7,2532.3,2316.6,1167838.6725999999,349477
2025-02-26 23:59:59.999,ETH,1d,2494.1,2335.3,2506.1,2253.9,1037550.1424,302086
2025-02-27 23:59:59.999,ETH,1d,2335.4,2307.3,2381.0,2229.4,809568.9644000001,220362
2025-02-28 23:59:59.999,ETH,1d,2307.4,2235.6,2314.4,2072.5,1474683.3012999999,375648
2025-03-01 23:59:59.999,ETH,1d,2235.7,2217.8,2279.7,2141.0,669182.1433,247867
2025-03-02 23:59:59.999,ETH,1d,2217.8,2517.8,2553.2,2171.9,1511074.0877,464806
2025-03-03 23:59:59.999,ETH,1d,2518.1,2147.6,2522.6,2096.3,1020582.2487999999,325519
2025-03-04 23:59:59.999,ETH,1d,2147.8,2170.4,2221.8,1992.3,1329229.9302999999,340943
2025-03-05 23:59:59.999,ETH,1d,2170.2,2240.6,2272.9,2154.7,461069.6924,154177
2025-03-06 23:59:59.999,ETH,1d,2240.5,2201.5,2319.3,2175.0,594496.3987,197342
2025-03-07 23:59:59.999,ETH,1d,2201.5,2140.0,2256.4,2100.0,961258.6393,228322
2025-03-08 23:59:59.999,ETH,1d,2140.0,2202.6,2233.2,2103.5,351242.8559,103516
2025-03-09 23:59:59.999,ETH,1d,2202.6,2019.2,2211.1,1987.6,775830.9713,200776
2025-03-10 23:59:59.999,ETH,1d,2019.1,1864.3,2155.1,1807.5,1491150.9720000001,372362
2025-03-11 23:59:59.999,ETH,1d,1864.3,1922.5,1962.1,1756.0,1122734.7975999999,275688
2025-03-12 23:59:59.999,ETH,1d,1922.5,1907.3,1970.0,1827.1,1698167.4556,462918
2025-03-13 23:59:59.999,ETH,1d,1907.1,1863.6,1919.8,1820.8,643182.0886,192705
2025-03-14 23:59:59.999,ETH,1d,1863.7,1910.4,1944.6,1860.5,281933.6503,92973
2025-03-15 23:59:59.999,ETH,1d,1910.1,1936.3,1955.9,1902.3,137886.9876,57753
2025-03-16 23:59:59.999,ETH,1d,1936.4,1886.0,1939.9,1861.0,269594.0443,96644
2025-03-17 23:59:59.999,ETH,1d,1886.2,1924.8,1951.1,1878.8,278140.0087,99007
2025-03-18 23:59:59.999,ETH,1d,1924.9,1931.5,1935.8,1871.4,302053.3229,109313
2025-03-19 23:59:59.999,ETH,1d,1931.2,2055.6,2069.1,1927.3,525387.7119,180700
2025-03-20 23:59:59.999,ETH,1d,2055.8,1982.9,2067.2,1951.6,382418.9155,134858
2025-03-21 23:59:59.999,ETH,1d,1983.0,1964.7,1996.5,1935.5,336166.8448,120426
2025-03-22 23:59:59.999,ETH,1d,1964.9,1979.6,2006.2,1963.7,261779.9027,102675
2025-03-23 23:59:59.999,ETH,1d,1979.6,2005.4,2020.0,1975.5,280944.3197,119214
2025-03-24 23:59:59.999,ETH,1d,2005.5,2080.1,2102.0,1976.2,464924.895,154727
2025-03-25 23:59:59.999,ETH,1d,2080.0,2065.3,2097.1,2036.6,370718.9418,115221
2025-03-26 23:59:59.999,ETH,1d,2065.3,2008.4,2077.8,1980.4,377250.6426,121222
2025-03-27 23:59:59.999,ETH,1d,2008.4,2002.7,2036.4,1986.3,187112.8231,93325
2025-03-28 23:59:59.999,ETH,1d,2002.7,1895.8,2014.7,1860.9,490456.9135,154399
2025-03-29 23:59:59.999,ETH,1d,1895.8,1826.9,1913.1,1797.4,395588.1165,97210
2025-03-30 23:59:59.999,ETH,1d,1826.8,1806.9,1847.7,1768.5,283978.6385,91251
2025-03-31 23:59:59.999,ETH,1d,1807.1,1821.2,1853.7,1775.8,529397.9118999999,139106
2025-04-01 23:59:59.999,ETH,1d,1821.4,1904.3,1927.7,1816.9,422040.6822,117735
2025-04-02 23:59:59.999,ETH,1d,1904.3,1794.0,1954.7,1780.0,611013.8282,168157
2025-04-03 23:59:59.999,ETH,1d,1794.0,1815.8,1844.2,1749.9,522547.5536,146369
2025-04-04 23:59:59.999,ETH,1d,1816.1,1816.1,1834.4,1757.7,600603.3928,174543
2025-04-05 23:59:59.999,ETH,1d,1815.7,1805.2,1826.4,1766.2,188340.7574,87303
2025-04-06 23:59:59.999,ETH,1d,1805.3,1579.3,1816.2,1536.0,1091863.7646000001,237511
2025-04-07 23:59:59.999,ETH,1d,1579.4,1552.1,1640.0,1415.0,1725192.1299999999,381354
2025-04-08 23:59:59.999,ETH,1d,1552.1,1472.1,1618.2,1446.3,1135211.0459,240188
2025-04-09 23:59:59.999,ETH,1d,1472.1,1668.5,1687.7,1382.3,1756684.8241000001,380192
2025-04-10 23:59:59.999,ETH,1d,1668.4,1521.4,1668.7,1472.3,896548.311,230222
2025-04-11 23:59:59.999,ETH,1d,1521.3,1565.8,1589.7,1503.2,563746.5153,135785
2025-04-12 23:59:59.999,ETH,1d,1565.8,1643.6,1668.0,1545.5,700517.9452,202878
2025-04-13 23:59:59.999,ETH,1d,1643.6,1597.0,1661.4,1551.8,830584.1006,194563
2025-04-14 23:59:59.999,ETH,1d,1597.0,1623.1,1691.1,1594.8,751516.7402,148870
2025-04-15 23:59:59.999,ETH,1d,1623.2,1587.7,1659.9,1582.1,820331.9999000001,132871
2025-04-16 23:59:59.999,ETH,1d,1587.7,1576.5,1611.5,1537.9,927455.4789,168832
2025-04-17 23:59:59.999,ETH,1d,1576.2,1582.6,1615.8,1562.5,549485.3101,101024
2025-04-18 23:59:59.999,ETH,1d,1582.6,1587.5,1600.0,1572.5,245772.7068,55320
2025-04-19 23:59:59.999,ETH,1d,1587.5,1612.0,1628.0,1584.0,269672.0583,60142
2025-04-20 23:59:59.999,ETH,1d,1579.1,1586.4,1599.4,1564.8,233517.0259,44574
2025-04-21 23:59:59.999,ETH,1d,1586.4,1579.1,1657.7,1562.1,933153.0434,177806
2025-04-22 23:59:59.999,ETH,1d,1579.1,1755.0,1786.9,1540.0,1515608.0109999999,296959
2025-04-23 23:59:59.999,ETH,1d,1755.0,1794.0,1835.4,1744.2,1098218.9609000001,249797
2025-04-24 23:59:59.999,ETH,1d,1794.1,1768.8,1801.7,1722.6,603920.1155,143873
2025-04-25 23:59:59.999,ETH,1d,1768.9,1783.2,1826.0,1738.0,638011.2585999999,130236
2025-04-26 23:59:59.999,ETH,1d,1783.5,1820.0,1838.3,1778.2,470230.9504,93149
2025-04-27 23:59:59.999,ETH,1d,1819.9,1790.0,1856.1,1782.0,354183.4832,97000
2025-04-28 23:59:59.999,ETH,1d,1789.9,1798.9,1826.3,1743.3,871238.2362,162017
2025-04-29 23:59:59.999,ETH,1d,1798.8,1796.8,1841.5,1779.5,659108.6331,147946
2025-04-30 23:59:59.999,ETH,1d,1796.9,1793.7,1815.5,1731.8,748724.3517999999,154180
2025-05-01 23:59:59.999,ETH,1d,1793.6,1837.5,1872.4,1792.5,708666.5637000001,143550
2025-05-02 23:59:59.999,ETH,1d,1837.6,1841.3,1868.0,1812.5,384097.6875,105260
2025-05-03 23:59:59.999,ETH,1d,1841.3,1832.7,1848.2,1809.3,242219.0319,67035
2025-05-04 23:59:59.999,ETH,1d,1832.7,1807.9,1849.3,1802.1,438784.9913,103302
2025-05-05 23:59:59.999,ETH,1d,1808.0,1819.0,1832.8,1781.3,482354.4191,103075
2025-05-06 23:59:59.999,ETH,1d,1819.0,1816.7,1820.2,1751.4,574830.3924,136190
2025-05-07 23:59:59.999,ETH,1d,1816.6,1811.2,1849.0,1786.4,764060.9759,157200
2025-05-08 23:59:59.999,ETH,1d,1811.0,2209.8,2229.8,1808.7,1581163.9674,347341
2025-05-09 23:59:59.999,ETH,1d,2209.9,2347.0,2491.9,2186.4,1523750.6856,427646
2025-05-10 23:59:59.999,ETH,1d,2347.0,2585.7,2602.5,2320.9,893330.7561999999,351112
2025-05-11 23:59:59.999,ETH,1d,2585.8,2516.5,2606.9,2440.1,784422.1354,261336
2025-05-12 23:59:59.999,ETH,1d,2516.5,2496.8,2626.0,2412.4,1087293.8458,269000
2025-05-13 23:59:59.999,ETH,1d,2496.9,2679.9,2740.3,2416.0,1045561.684,293250
2025-05-14 23:59:59.999,ETH,1d,2679.9,2609.4,2725.8,2548.5,968901.1394,333432
2025-05-15 23:59:59.999,ETH,1d,2609.5,2547.9,2647.1,2476.0,842284.8970999999,228383
2025-05-16 23:59:59.999,ETH,1d,2548.0,2535.6,2648.0,2527.7,623317.5342,190050
2025-05-17 23:59:59.999,ETH,1d,2535.6,2474.1,2535.6,2445.4,617834.7831,188270
2025-05-18 23:59:59.999,ETH,1d,2474.3,2499.7,2589.2,2317.1,1015885.4955,289411
2025-05-19 23:59:59.999,ETH,1d,2499.8,2529.0,2550.0,2350.1,844673.6912,250523
2025-05-20 23:59:59.999,ETH,1d,2529.1,2525.8,2591.2,2443.5,1221713.9194,275888
2025-05-21 23:59:59.999,ETH,1d,2525.9,2554.3,2618.6,2450.5,1468589.2431000001,418895
2025-05-22 23:59:59.999,ETH,1d,2553.8,2668.1,2693.8,2548.7,915729.1549,297273
2025-05-23 23:59:59.999,ETH,1d,2668.1,2526.6,2739.3,2500.0,1094121.0401999999,286236
2025-05-24 23:59:59.999,ETH,1d,2526.6,2529.2,2576.0,2515.3,266033.1735,125811
2025-05-25 23:59:59.999,ETH,1d,2530.3,2550.9,2553.8,2462.3,577481.9043000001,206593
2025-05-26 23:59:59.999,ETH,1d,2550.9,2564.6,2600.6,2526.7,355432.9344,137121
2025-05-27 23:59:59.999,ETH,1d,2564.6,2661.3,2714.0,2510.3,805609.2726,263677
2025-05-28 23:59:59.999,ETH,1d,2661.4,2682.3,2689.0,2597.2,681981.2772,218370
2025-05-29 23:59:59.999,ETH,1d,2682.3,2631.9,2790.2,2619.5,1101104.0674000001,324490
2025-05-30 23:59:59.999,ETH,1d,2631.8,2531.4,2648.9,2508.0,1049898.075,292823
2025-05-31 23:59:59.999,ETH,1d,2531.3,2529.0,2551.2,2478.2,508723.1782,153800
2025-06-01 23:59:59.999,ETH,1d,2528.9,2540.2,2549.4,2470.3,360538.3128,135967
2025-06-02 23:59:59.999,ETH,1d,2540.3,2609.7,2617.8,2477.3,586362.1799,229344
2025-06-03 23:59:59.999,ETH,1d,2609.7,2591.5,2656.3,2577.1,638046.382,234150
2025-06-04 23:59:59.999,ETH,1d,2591.5,2608.7,2680.7,2582.7,728284.411,228925
2025-06-05 23:59:59.999,ETH,1d,2608.9,2413.2,2642.2,2392.2,1205298.4905000001,315093
2025-06-06 23:59:59.999,ETH,1d,2413.1,2475.0,2529.7,2384.6,647317.6953,227932
2025-06-07 23:59:59.999,ETH,1d,2475.1,2524.3,2541.4,2456.4,323601.357,140466
2025-06-08 23:59:59.999,ETH,1d,2524.3,2508.9,2549.2,2492.5,273208.94,118261
2025-06-09 23:59:59.999,ETH,1d,2509.0,2682.3,2697.2,2477.5,624911.3296000001,219305
2025-06-10 23:59:59.999,ETH,1d,2682.3,2819.1,2828.6,2656.9,976591.2408,302748
2025-06-11 23:59:59.999,ETH,1d,2819.0,2771.3,2881.6,2741.8,997370.5661000001,315811
2025-06-12 23:59:59.999,ETH,1d,2771.3,2641.2,2784.1,2615.7,1095811.1137999999,322416
2025-06-13 23:59:59.999,ETH,1d,2641.5,2578.5,2643.4,2434.2,1560193.1806999999,453878
2025-06-14 23:59:59.999,ETH,1d,2578.6,2529.4,2578.9,2487.1,375241.7228,146620
2025-06-15 23:59:59.999,ETH,1d,2529.4,2546.6,2557.5,2491.0,353749.3827,134764
2025-06-16 23:59:59.999,ETH,1d,2546.5,2543.0,2679.6,2514.0,886775.6464,249373
2025-06-17 23:59:59.999,ETH,1d,2543.0,2508.0,2617.4,2452.7,939883.3025,301253
2025-06-18 23:59:59.999,ETH,1d,2508.0,2523.7,2547.7,2465.6,773800.4105,215884
2025-06-19 23:59:59.999,ETH,1d,2523.7,2519.5,2546.5,2482.8,497612.4276,155809
2025-06-20 23:59:59.999,ETH,1d,2519.5,2404.9,2567.2,2364.3,794928.0564,240418
2025-06-21 23:59:59.999,ETH,1d,2404.8,2295.2,2446.0,2216.0,685161.6892,250609
2025-06-22 23:59:59.999,ETH,1d,2295.3,2226.3,2313.2,2113.4,1125579.2379000001,339595
2025-06-23 23:59:59.999,ETH,1d,2226.3,2411.1,2434.7,2187.2,1433030.6734,394671
2025-06-24 23:59:59.999,ETH,1d,2411.0,2447.0,2481.5,2375.0,762755.425,215092
2025-06-25 23:59:59.999,ETH,1d,2447.0,2416.8,2467.3,2388.0,642826.0407,191419
2025-06-26 23:59:59.999,ETH,1d,2416.9,2414.3,2519.1,2393.4,620893.9887,225375
2025-06-27 23:59:59.999,ETH,1d,2414.4,2422.1,2461.7,2381.1,511809.2272,161694
2025-06-28 23:59:59.999,ETH,1d,2422.2,2435.1,2447.5,2404.0,166496.5371,76829
2025-06-29 23:59:59.999,ETH,1d,2435.1,2500.4,2524.8,2406.2,263818.1454,169319
2025-06-30 23:59:59.999,ETH,1d,2500.4,2485.1,2523.6,2434.3,514731.9448,191104
2025-07-01 23:59:59.999,ETH,1d,2485.1,2403.6,2499.9,2384.3,526935.2304,189524
2025-07-02 23:59:59.999,ETH,1d,2403.5,2569.7,2616.4,2373.0,868832.2624,294626
2025-07-03 23:59:59.999,ETH,1d,2569.8,2589.9,2635.5,2556.1,545417.1040000001,225577
2025-07-04 23:59:59.999,ETH,1d,2589.9,2508.0,2601.8,2474.4,617358.772,187888
2025-07-05 23:59:59.999,ETH,1d,2508.1,2516.4,2529.8,2487.4,260237.3905,102280
2025-07-06 23:59:59.999,ETH,1d,2516.5,2570.3,2604.9,2503.5,420527.5928,174069
2025-07-07 23:59:59.999,ETH,1d,2570.4,2542.7,2591.4,2516.1,500430.8815,178180
2025-07-08 23:59:59.999,ETH,1d,2542.6,2615.7,2627.8,2524.2,498372.6297,199026
2025-07-09 23:59:59.999,ETH,1d,2615.8,2770.0,2800.0,2590.3,856273.7424,378887
2025-07-10 23:59:59.999,ETH,1d,2770.0,2953.0,3001.0,2756.8,1116835.3607999999,447512
2025-07-11 23:59:59.999,ETH,1d,2953.1,2960.6,3042.7,2916.5,1133579.3141999999,432230
2025-07-12 23:59:59.999,ETH,1d,2960.7,2944.1,2981.5,2904.7,403064.53,211796
2025-07-13 23:59:59.999,ETH,1d,2944.1,2973.6,3021.8,2937.0,474986.8524,193236
2025-07-14 23:59:59.999,ETH,1d,2973.6,3016.7,3085.0,2965.1,982736.5451,324465
2025-07-15 23:59:59.999,ETH,1d,3016.7,3140.9,3146.6,2931.4,1556534.1776000001,455621
2025-07-16 23:59:59.999,ETH,1d,3141.0,3374.0,3425.8,3103.8,1500109.5667999999,436549
2025-07-17 23:59:59.999,ETH,1d,3374.0,3481.3,3527.7,3311.2,1539419.4889,484138
2025-07-18 23:59:59.999,ETH,1d,3481.3,3546.4,3678.0,3461.8,1703726.6588000001,613623
2025-07-19 23:59:59.999,ETH,1d,3546.3,3593.6,3609.8,3507.0,591998.0841,263702
2025-07-20 23:59:59.999,ETH,1d,3593.5,3761.2,3829.1,3581.0,1321782.4262000001,465139
2025-07-21 23:59:59.999,ETH,1d,3761.2,3765.0,3862.6,3706.0,1374061.9952,448257
2025-07-22 23:59:59.999,ETH,1d,3764.9,3749.8,3803.4,3620.6,1415544.2604,409727
2025-07-23 23:59:59.999,ETH,1d,3749.7,3631.7,3766.7,3530.7,1153408.6469000001,335075
2025-07-24 23:59:59.999,ETH,1d,3631.7,3707.8,3773.7,3505.7,1318319.0996999999,440566
2025-07-25 23:59:59.999,ETH,1d,3707.8,3729.2,3749.7,3575.0,1373563.6002,391297
2025-07-26 23:59:59.999,ETH,1d,3729.3,3744.3,3797.6,3703.9,503069.0353,204634
2025-07-27 23:59:59.999,ETH,1d,3744.3,3875.7,3880.0,3733.6,719472.3495,251788
2025-07-28 23:59:59.999,ETH,1d,3875.9,3796.8,3945.6,3754.8,1064532.2439999999,363478
2025-07-29 23:59:59.999,ETH,1d,3796.8,3794.2,3885.4,3715.0,1071380.3185000001,417015
2025-07-30 23:59:59.999,ETH,1d,3794.1,3811.1,3833.0,3650.0,955398.9699,341477
2025-07-31 23:59:59.999,ETH,1d,3811.2,3697.1,3878.7,3679.0,958958.8893,397799
2025-08-01 23:59:59.999,ETH,1d,3697.2,3486.2,3723.5,3427.8,1734431.7438000001,568149
2025-08-02 23:59:59.999,ETH,1d,3486.2,3392.2,3535.7,3365.7,957048.1806,328770
2025-08-03 23:59:59.999,ETH,1d,3392.2,3494.3,3519.3,3352.0,583221.1753999999,210477
2025-08-04 23:59:59.999,ETH,1d,3494.4,3720.0,3735.6,3490.0,1065943.6613,318202
2025-08-05 23:59:59.999,ETH,1d,3720.0,3609.6,3720.0,3541.2,985618.0872,331101
2025-08-06 23:59:59.999,ETH,1d,3609.6,3681.4,3697.6,3562.1,751349.5869,320261
2025-08-07 23:59:59.999,ETH,1d,3681.4,3912.3,3928.9,3645.3,1144302.0677,353420
2025-08-08 23:59:59.999,ETH,1d,3912.4,4012.0,4074.1,3880.8,1345929.2334,421197
2025-08-09 23:59:59.999,ETH,1d,4012.0,4264.2,4328.9,4009.0,1273336.4779000001,386831
2025-08-10 23:59:59.999,ETH,1d,4264.2,4253.8,4334.9,4162.8,962237.2083000001,334974
2025-08-11 23:59:59.999,ETH,1d,4253.9,4223.8,4369.8,4168.5,1553655.1747000001,454839
2025-08-12 23:59:59.999,ETH,1d,4223.8,4592.8,4641.1,4219.1,1781857.0758,521191
2025-08-13 23:59:59.999,ETH,1d,4592.8,4753.5,4787.8,4567.7,1702581.9713000001,464212
2025-08-14 23:59:59.999,ETH,1d,4753.6,4546.4,4797.3,4314.3,2580140.4961000001,700580
2025-08-15 23:59:59.999,ETH,1d,4546.3,4440.4,4668.3,4367.2,1440437.7350000001,528402
2025-08-16 23:59:59.999,ETH,1d,4440.4,4422.1,4490.0,4373.7,591489.9620000001,256606
2025-08-17 23:59:59.999,ETH,1d,4422.1,4474.1,4575.6,4394.9,719668.7903,272726
2025-08-18 23:59:59.999,ETH,1d,4474.1,4313.6,4484.1,4214.9,1743804.1414999999,557474
2025-08-19 23:59:59.999,ETH,1d,4313.7,4073.7,4354.7,4065.9,1759693.4591999999,486938
2025-08-20 23:59:59.999,ETH,1d,4073.8,4337.4,4380.3,4060.1,1980067.5463,558173
2025-08-21 23:59:59.999,ETH,1d,4337.4,4226.5,4340.9,4206.0,1307988.7771000001,340977
2025-08-22 23:59:59.999,ETH,1d,4226.5,4834.8,4891.7,4211.6,2414473.4325999999,574126
2025-08-23 23:59:59.999,ETH,1d,4834.7,4782.8,4835.2,4667.5,694339.7714,250644
2025-08-24 23:59:59.999,ETH,1d,4782.8,4781.5,4960.0,4671.5,1576893.3981999999,437317
2025-08-25 23:59:59.999,ETH,1d,4781.5,4374.7,4799.0,4334.0,2002881.4946999999,739601
2025-08-26 23:59:59.999,ETH,1d,4374.7,4598.1,4631.6,4310.8,1787794.8193999999,618013
2025-08-27 23:59:59.999,ETH,1d,4598.3,4505.5,4670.9,4480.7,1171973.2744,426128
2025-08-28 23:59:59.999,ETH,1d,4506.1,4509.6,4636.4,4428.1,811464.4215000001,312755
2025-08-29 23:59:59.999,ETH,1d,4509.7,4358.5,4515.2,4262.8,1492820.6502,518277
2025-08-30 23:59:59.999,ETH,1d,4358.6,4372.1,4411.0,4255.2,617986.1232,187487
2025-08-31 23:59:59.999,ETH,1d,4372.6,4390.6,4495.8,4371.3,576319.5172999999,201135
2025-09-01 23:59:59.999,ETH,1d,4390.7,4312.0,4489.7,4210.5,964842.3017,395874
2025-09-02 23:59:59.999,ETH,1d,4312.0,4324.7,4414.7,4256.3,875834.0978,340368
2025-09-03 23:59:59.999,ETH,1d,4324.6,4448.2,4489.1,4281.6,681874.1126,254895
2025-09-04 23:59:59.999,ETH,1d,4448.2,4296.0,4481.0,4264.1,822516.4396,296689
2025-09-05 23:59:59.999,ETH,1d,4295.9,4304.7,4491.7,4252.4,1195738.4971,400168
2025-09-06 23:59:59.999,ETH,1d,4304.7,4271.2,4327.2,4226.7,255343.5476,148996
2025-09-07 23:59:59.999,ETH,1d,4271.6,4303.4,4333.0,4267.2,331874.8643,139295
2025-09-08 23:59:59.999,ETH,1d,4303.5,4304.0,4383.7,4279.0,673012.33,250910
2025-09-09 23:59:59.999,ETH,1d,4304.0,4310.9,4381.1,4276.2,497041.6251,208250
2025-09-10 23:59:59.999,ETH,1d,4310.9,4349.4,4453.2,4285.0,674482.4382,252884
2025-09-11 23:59:59.999,ETH,1d,4349.3,4460.0,4479.7,4339.1,686788.0469,244394
2025-09-12 23:59:59.999,ETH,1d,4460.1,4713.5,4750.6,4452.2,838855.1274,294912
2025-09-13 23:59:59.999,ETH,1d,4713.5,4670.4,4767.0,4610.5,493120.1919,202908
2025-09-14 23:59:59.999,ETH,1d,4670.5,4607.9,4695.0,4577.8,472102.0707,194913
2025-09-15 23:59:59.999,ETH,1d,4607.8,4526.4,4673.6,4466.4,674082.9954,278309
2025-09-16 23:59:59.999,ETH,1d,4526.4,4501.5,4539.0,4425.8,650776.5437,200271
2025-09-17 23:59:59.999,ETH,1d,4501.4,4590.8,4616.7,4408.7,787052.5782,303446
2025-09-18 23:59:59.999,ETH,1d,4590.8,4588.9,4645.0,4554.2,476371.8232,192656
2025-09-19 23:59:59.999,ETH,1d,4588.9,4471.4,4622.5,4439.0,550728.4827000001,185746
2025-09-20 23:59:59.999,ETH,1d,4471.4,4480.6,4509.8,4456.1,179159.8043,98783
2025-09-21 23:59:59.999,ETH,1d,4480.6,4445.2,4499.1,4443.3,203948.362,90492
2025-09-22 23:59:59.999,ETH,1d,4444.7,4197.3,4454.9,3909.2,1112987.8054,378425
2025-09-23 23:59:59.999,ETH,1d,4197.3,4162.7,4226.6,4112.1,563947.0294999999,188643
2025-09-24 23:59:59.999,ETH,1d,4162.6,4151.5,4205.8,4076.1,488052.1691,178517
2025-09-25 23:59:59.999,ETH,1d,4151.2,3872.4,4160.0,3821.7,1329724.4998000001,409408
2025-09-26 23:59:59.999,ETH,1d,3872.4,4030.8,4066.9,3865.7,563323.3516000001,263039
2025-09-27 23:59:59.999,ETH,1d,4030.7,4017.4,4037.8,3971.3,172244.7553,83532
2025-09-28 23:59:59.999,ETH,1d,4017.5,4141.6,4144.2,3963.9,297171.4358,107024
2025-09-29 23:59:59.999,ETH,1d,4141.1,4213.6,4234.7,4081.4,475081.2589,190708
2025-09-30 23:59:59.999,ETH,1d,4213.5,4143.6,4243.9,4091.0,415310.7888,173403
2025-10-01 23:59:59.999,ETH,1d,4143.6,4346.0,4351.6,4121.7,532574.1639,203672
2025-10-02 23:59:59.999,ETH,1d,4346.0,4483.7,4515.8,4331.4,530838.966,244450
2025-10-03 23:59:59.999,ETH,1d,4483.7,4512.7,4590.9,4428.4,458589.3861,203116
2025-10-04 23:59:59.999,ETH,1d,4513.0,4487.2,4517.9,4440.6,172945.6428,107630
2025-10-05 23:59:59.999,ETH,1d,4487.3,4516.2,4618.0,4466.3,419590.046,215895
2025-10-06 23:59:59.999,ETH,1d,4516.3,4686.0,4736.4,4491.1,577033.034,220022
2025-10-07 23:59:59.999,ETH,1d,4686.0,4450.7,4757.6,4435.0,874869.9918,303524
2025-10-08 23:59:59.999,ETH,1d,4450.7,4528.7,4560.9,4415.7,558649.9476,214663
2025-10-09 23:59:59.999,ETH,1d,4528.7,4369.2,4534.0,4266.3,711704.3857,282360
2025-10-10 23:59:59.999,ETH,1d,4369.2,3822.3,4395.0,3241.2,1860127.7482,745448
2025-10-11 23:59:59.999,ETH,1d,3822.4,3744.5,3874.5,3641.6,671154.2727,376009
2025-10-12 23:59:59.999,ETH,1d,3744.7,4150.2,4192.5,3692.4,839061.3128,365018
2025-10-13 23:59:59.999,ETH,1d,4150.2,4238.9,4288.4,4038.7,567379.9823,288279
2025-10-14 23:59:59.999,ETH,1d,4238.9,4124.8,4261.9,3882.1,1040681.8926,466995
2025-10-15 23:59:59.999,ETH,1d,4124.2,3983.7,4217.1,3926.8,768568.4402,352328
2025-10-16 23:59:59.999,ETH,1d,3983.9,3893.0,4086.0,3822.8,775071.388,321893
2025-10-17 23:59:59.999,ETH,1d,3893.1,3830.7,3948.6,3675.0,913559.9146,432889
2025-10-18 23:59:59.999,ETH,1d,3830.7,3887.4,3925.7,3818.5,254839.9117,147782
2025-10-19 23:59:59.999,ETH,1d,3887.5,3980.4,4026.8,3827.2,413370.5719,208588
2025-10-20 23:59:59.999,ETH,1d,3980.3,3978.1,4082.8,3906.6,558290.7225,237754
2025-10-21 23:59:59.999,ETH,1d,3978.2,3870.3,4110.6,3839.5,914675.9933,416688
2025-10-22 23:59:59.999,ETH,1d,3870.4,3803.6,3887.0,3710.1,574362.3317,296034
2025-10-23 23:59:59.999,ETH,1d,3803.6,3857.0,3936.5,3794.9,534971.3364,229092
2025-10-24 23:59:59.999,ETH,1d,3856.9,3935.9,4020.0,3846.4,482222.9228,250482
2025-10-25 23:59:59.999,ETH,1d,3936.0,3953.8,3969.5,3913.7,132256.8365,100146
2025-10-26 23:59:59.999,ETH,1d,3953.9,4160.4,4178.0,3920.1,346681.9838,206453
2025-10-27 23:59:59.999,ETH,1d,4160.2,4119.8,4255.0,4095.3,551067.5158000001,309163
2025-10-28 23:59:59.999,ETH,1d,4119.9,3978.0,4175.6,3929.0,552626.0495,280442
2025-10-29 23:59:59.999,ETH,1d,3978.0,3902.0,4034.1,3841.8,714978.8711,345497
2025-10-30 23:59:59.999,ETH,1d,3902.0,3803.7,3947.2,3677.0,631988.9316,334268
2025-10-31 23:59:59.999,ETH,1d,3803.6,3846.0,3903.7,3795.3,322817.038,209267
2025-11-01 23:59:59.999,ETH,1d,3845.9,3872.2,3906.8,3828.4,137348.7282,91169
2025-11-02 23:59:59.999,ETH,1d,3872.1,3904.7,3917.3,3837.5,174557.0803,98841
2025-11-03 23:59:59.999,ETH,1d,3904.6,3602.4,3912.2,3547.8,887590.4538,366477
2025-11-04 23:59:59.999,ETH,1d,3602.4,3285.9,3652.2,3057.5,1573471.8487,620920
2025-11-05 23:59:59.999,ETH,1d,3285.9,3423.7,3478.9,3166.2,748507.4581,356062
2025-11-06 23:59:59.999,ETH,1d,3423.6,3313.5,3456.4,3242.9,764891.5481,292747
2025-11-07 23:59:59.999,ETH,1d,3313.5,3434.9,3473.0,3193.0,793834.0211,313088
2025-11-08 23:59:59.999,ETH,1d,3434.9,3401.6,3486.0,3355.3,296217.2322,150681
2025-11-09 23:59:59.999,ETH,1d,3401.6,3582.3,3620.8,3358.2,393980.7266,221088
2025-11-10 23:59:59.999,ETH,1d,3582.4,3568.1,3658.8,3508.3,589491.0817,253731
2025-11-11 23:59:59.999,ETH,1d,3568.0,3416.2,3647.9,3401.5,741775.1475,368636
2025-11-12 23:59:59.999,ETH,1d,3416.1,3413.2,3586.4,3370.3,571652.7114,306128
2025-11-13 23:59:59.999,ETH,1d,3413.3,3231.3,3564.5,3154.2,1022462.5657,481589
2025-11-14 23:59:59.999,ETH,1d,3231.3,3112.9,3256.0,3069.0,905101.2441,500198
2025-11-15 23:59:59.999,ETH,1d,3112.9,3168.0,3231.3,3111.1,201717.3563,164186
2025-11-16 23:59:59.999,ETH,1d,3168.0,3096.9,3249.0,3007.0,510697.4199,268981
2025-11-17 23:59:59.999,ETH,1d,3096.4,3033.0,3223.3,2959.4,845603.4824,369702
2025-11-18 23:59:59.999,ETH,1d,3033.0,3124.8,3171.4,2947.1,799995.181,364096
2025-11-19 23:59:59.999,ETH,1d,3124.8,3025.5,3126.8,2874.4,941790.8978,384848
2025-11-20 23:59:59.999,ETH,1d,3025.8,2834.5,3063.4,2780.1,1096552.1502,427472
2025-11-21 23:59:59.999,ETH,1d,2834.4,2764.7,2887.4,2621.4,1156598.0706,502248
2025-11-22 23:59:59.999,ETH,1d,2764.7,2769.0,2798.0,2703.7,289355.3578,169582
2025-11-23 23:59:59.999,ETH,1d,2769.1,2800.6,2857.6,2767.0,489974.5018,222784
2025-11-24 23:59:59.999,ETH,1d,2800.6,2952.5,2983.9,2761.6,949748.6233,340270
2025-11-25 23:59:59.999,ETH,1d,2952.5,2959.0,2979.5,2855.7,740974.0839,329074
2025-11-26 23:59:59.999,ETH,1d,2958.9,3025.8,3043.2,2888.0,613255.9644000001,290029
2025-11-27 23:59:59.999,ETH,1d,3025.6,3013.9,3070.6,2985.1,313634.2008,199034
2025-11-28 23:59:59.999,ETH,1d,3013.9,3030.0,3096.9,2992.4,333447.7594,207563
2025-11-29 23:59:59.999,ETH,1d,3030.1,2987.9,3051.2,2961.2,231283.8325,132261
2025-11-30 23:59:59.999,ETH,1d,2987.9,2990.2,3052.0,2974.9,173585.5567,121411
2025-12-01 23:59:59.999,ETH,1d,2990.1,2797.5,2998.1,2718.2,684720.3243,402483
2025-12-02 23:59:59.999,ETH,1d,2797.6,2994.6,3033.3,2781.0,471718.369,270879
2025-12-03 23:59:59.999,ETH,1d,2994.7,3187.0,3212.8,2984.3,509195.33,288871
2025-12-04 23:59:59.999,ETH,1d,3187.4,3131.7,3238.6,3066.0,514493.6273,270134
2025-12-05 23:59:59.999,ETH,1d,3131.8,3020.4,3191.4,2983.2,681342.4325,300694
2025-12-06 23:59:59.999,ETH,1d,3020.4,3037.0,3068.1,3010.6,188850.2468,109246
2025-12-07 23:59:59.999,ETH,1d,3036.9,3059.9,3150.5,2914.0,629453.5514999999,328380
2025-12-08 23:59:59.999,ETH,1d,3059.9,3125.4,3181.6,3040.1,589738.5436,297615
2025-12-09 23:59:59.999,ETH,1d,3125.4,3317.8,3398.0,3091.4,872534.2145,381851
2025-12-10 23:59:59.999,ETH,1d,3317.7,3323.7,3448.3,3287.8,778821.8166,382668
2025-12-11 23:59:59.999,ETH,1d,3323.6,3239.8,3326.9,3146.2,720474.2291999999,350415
2025-12-12 23:59:59.999,ETH,1d,3239.8,3086.3,3268.0,3051.8,627026.7394,270479
2025-12-13 23:59:59.999,ETH,1d,3086.3,3116.6,3137.0,3080.0,119386.4928,83872
2025-12-14 23:59:59.999,ETH,1d,3116.5,3063.3,3131.1,3030.0,296742.5886,157105
2025-12-15 23:59:59.999,ETH,1d,3063.4,2964.3,3177.5,2895.1,705649.063,320336
2025-12-16 23:59:59.999,ETH,1d,2964.3,2961.4,2981.1,2878.9,528549.2439999999,250034
2025-12-17 23:59:59.999,ETH,1d,2961.5,2832.0,3030.0,2790.0,809602.858,290403
2025-12-18 23:59:59.999,ETH,1d,2832.2,2827.3,2996.1,2773.9,772202.2878,283714
2025-12-19 23:59:59.999,ETH,1d,2827.2,2978.2,3017.9,2808.0,587774.1367,236192
2025-12-20 23:59:59.999,ETH,1d,2978.2,2976.8,2992.8,2966.2,102538.7554,70440
2025-12-21 23:59:59.999,ETH,1d,2976.8,3001.0,3011.8,2943.6,174257.0611,100868
2025-12-22 23:59:59.999,ETH,1d,3000.9,3008.4,3075.1,2962.5,579880.8991,226493
2025-12-23 23:59:59.999,ETH,1d,3008.4,2963.3,3035.2,2900.6,544712.4334,191004
2025-12-24 23:59:59.999,ETH,1d,2963.2,2946.7,2977.1,2885.8,317429.8712,124698
2025-12-25 23:59:59.999,ETH,1d,2946.7,2902.7,2970.0,2889.5,214172.8125,92138
2025-12-26 23:59:59.999,ETH,1d,2902.5,2926.7,2992.0,2893.3,488849.574,173827
2025-12-27 23:59:59.999,ETH,1d,2926.7,2947.0,2958.9,2916.3,120078.3765,67064
2025-12-28 23:59:59.999,ETH,1d,2946.9,2949.3,2959.0,2924.3,159287.8869,69793
2025-12-29 23:59:59.999,ETH,1d,2949.2,2936.9,3056.0,2908.9,656407.1148,215106
2025-12-30 23:59:59.999,ETH,1d,2936.8,2973.1,3008.5,2918.4,345013.6417,135492
2025-12-31 23:59:59.999,ETH,1d,2973.1,2972.0,3026.2,2959.0,288854.5583,139796
2026-01-01 23:59:59.999,ETH,1d,2971.9,3002.9,3009.3,2971.9,185956.9046,86436
2026-01-02 23:59:59.999,ETH,1d,3003.0,3123.7,3148.2,2991.7,622408.8864,227395
2026-01-03 23:59:59.999,ETH,1d,3123.7,3125.9,3135.0,3074.8,262772.9329,112658
2026-01-04 23:59:59.999,ETH,1d,3125.9,3143.5,3166.0,3115.7,289029.1636,135187
2026-01-05 23:59:59.999,ETH,1d,3143.4,3223.5,3263.6,3132.8,523879.4332,209250
2026-01-06 23:59:59.999,ETH,1d,3223.4,3295.9,3306.3,3183.1,632135.6175000001,234275
2026-01-07 23:59:59.999,ETH,1d,3295.9,3167.7,3296.1,3125.0,367992.1442,183726
2026-01-08 23:59:59.999,ETH,1d,3168.0,3107.7,3182.0,3054.1,531694.5827,252183
2026-01-09 23:59:59.999,ETH,1d,3107.8,3088.2,3148.2,3060.1,552787.2253,220609
2026-01-10 23:59:59.999,ETH,1d,3088.2,3086.1,3102.9,3077.4,79683.085,52400
2026-01-11 23:59:59.999,ETH,1d,3086.1,3122.5,3146.0,3084.0,241085.6633,95065
2026-01-12 23:59:59.999,ETH,1d,3122.6,3094.0,3170.7,3066.5,425804.6425,199375
2026-01-13 23:59:59.999,ETH,1d,3093.9,3324.7,3377.0,3090.5,532950.024,240114
2026-01-14 23:59:59.999,ETH,1d,3324.7,3354.5,3403.3,3280.0,677204.1608,298636
2026-01-15 23:59:59.999,ETH,1d,3354.6,3318.2,3384.8,3274.7,452786.1967,209838
2026-01-16 23:59:59.999,ETH,1d,3318.2,3296.4,3326.3,3253.7,276295.1587,160204
2026-01-17 23:59:59.999,ETH,1d,3296.4,3309.2,3329.5,3283.9,114540.5834,74486
2026-01-18 23:59:59.999,ETH,1d,3309.2,3282.7,3368.0,3277.3,199895.6327,125200
2026-01-19 23:59:59.999,ETH,1d,3282.7,3188.3,3283.6,3161.9,608537.698,357263
2026-01-20 23:59:59.999,ETH,1d,3188.2,2938.9,3199.2,2923.6,721592.3569,397765
2026-01-21 23:59:59.999,ETH,1d,2938.8,2981.4,3076.1,2865.1,1077046.4236999999,428767
2026-01-22 23:59:59.999,ETH,1d,2981.4,2951.1,3037.4,2893.8,678419.5995,306132
2026-01-23 23:59:59.999,ETH,1d,2951.2,2954.9,3017.6,2890.0,744818.688,304866
2026-01-24 23:59:59.999,ETH,1d,2955.0,2951.5,2968.5,2942.1,145311.1614,69687
2026-01-25 23:59:59.999,ETH,1d,2951.4,2815.8,2959.3,2785.2,582965.3987,200554
2026-01-26 23:59:59.999,ETH,1d,2815.7,2928.8,2949.1,2811.2,543394.4244,219253
2026-01-27 23:59:59.999,ETH,1d,2928.8,3025.8,3035.2,2899.2,564080.3164,213611
2026-01-28 23:59:59.999,ETH,1d,3025.7,3009.8,3045.6,2982.6,662560.1844,243504
2026-01-29 23:59:59.999,ETH,1d,3009.7,2821.4,3012.6,2753.5,916461.7154,329425
2026-01-30 23:59:59.999,ETH,1d,2821.4,2706.3,2827.5,2634.9,1180090.1262999999,442633
2026-01-31 23:59:59.999,ETH,1d,2706.4,2449.5,2714.0,2201.3,1756153.9791000001,647673
2026-02-01 23:59:59.999,ETH,1d,2449.5,2268.4,2473.7,2220.1,945445.231,506955
2026-02-02 23:59:59.999,ETH,1d,2268.5,2345.2,2394.6,2156.8,1156001.6636000001,583310
2026-02-03 23:59:59.999,ETH,1d,2345.1,2232.4,2358.0,2108.8,1267380.7760999999,582560
2026-02-04 23:59:59.999,ETH,1d,2232.5,2147.9,2294.4,2076.5,1234819.3588,499744
2026-02-05 23:59:59.999,ETH,1d,2147.9,1825.9,2172.3,1817.9,2110025.1442999998,649849
2026-02-06 23:59:59.999,ETH,1d,1825.4,2062.0,2091.7,1740.7,1457378.3987,508060
2026-02-07 23:59:59.999,ETH,1d,2061.9,2085.8,2121.0,1993.6,945318.8968,301070
2026-02-08 23:59:59.999,ETH,1d,2085.9,2088.7,2149.7,2065.3,345434.3152,158476
2026-02-09 23:59:59.999,ETH,1d,2088.6,2104.1,2146.5,2007.5,757744.9185,207970
2026-02-10 23:59:59.999,ETH,1d,2104.1,2021.9,2123.7,1987.5,727407.7868999999,271174
2026-02-11 23:59:59.999,ETH,1d,2021.9,1941.5,2031.3,1902.0,687394.0031,261528
2026-02-12 23:59:59.999,ETH,1d,1941.4,1946.9,2000.0,1896.7,444744.9162,208868
2026-02-13 23:59:59.999,ETH,1d,1946.9,2047.6,2071.1,1923.4,508156.2172,173655
2026-02-14 23:59:59.999,ETH,1d,2048.0,2085.3,2105.5,2042.0,261261.3002,92942
2026-02-15 23:59:59.999,ETH,1d,2085.4,1965.4,2102.4,1927.7,467396.3113,170601
2026-02-16 23:59:59.999,ETH,1d,1965.6,1997.5,2021.9,1936.9,396368.9729,142619
2026-02-17 23:59:59.999,ETH,1d,1997.5,1990.9,2014.6,1941.3,617995.5684,183184
2026-02-18 23:59:59.999,ETH,1d,1990.9,1954.9,2038.2,1922.5,478447.226,183718
2026-02-19 23:59:59.999,ETH,1d,1954.9,1948.3,1986.6,1905.9,389043.8751,178255
2026-02-20 23:59:59.999,ETH,1d,1948.3,1968.1,1980.0,1922.3,480340.6327,162688
2026-02-21 23:59:59.999,ETH,1d,1968.1,1972.6,1995.0,1954.8,146916.6548,81810
2026-02-22 23:59:59.999,ETH,1d,1972.4,1957.0,1982.6,1934.5,171253.5958,84981
2026-02-23 23:59:59.999,ETH,1d,1957.1,1855.6,1957.6,1836.6,616623.392,228255
2026-02-24 23:59:59.999,ETH,1d,1855.6,1850.8,1868.8,1797.2,458537.9944,183067
2026-02-25 23:59:59.999,ETH,1d,1851.0,2056.9,2144.0,1845.7,924649.8008,290803
2026-02-26 23:59:59.999,ETH,1d,2057.0,2026.7,2081.9,1974.9,524247.5382,214578
2026-02-27 23:59:59.999,ETH,1d,2026.9,1928.6,2062.5,1885.3,495203.8173,193591
2026-02-28 23:59:59.999,ETH,1d,1928.6,1963.8,1984.5,1835.0,596774.6699,215837
2026-03-01 23:59:59.999,ETH,1d,1963.6,1938.4,2054.1,1906.2,547151.372,248702
2026-03-02 23:59:59.999,ETH,1d,1938.4,2026.5,2088.5,1920.0,679180.2495,266204
2026-03-03 23:59:59.999,ETH,1d,2026.5,1981.8,2040.6,1928.0,685630.5999,239880
2026-03-04 23:59:59.999,ETH,1d,1981.7,2126.6,2198.7,1943.6,675421.7189,273288
2026-03-05 23:59:59.999,ETH,1d,2126.3,2072.0,2162.7,2054.0,469388.2528,228735
2026-03-06 23:59:59.999,ETH,1d,2072.1,1977.7,2092.3,1955.3,511424.5373,204654
2026-03-07 23:59:59.999,ETH,1d,1977.6,1968.0,1995.0,1946.2,252285.8138,104365
2026-03-08 23:59:59.999,ETH,1d,1968.0,1935.9,1979.0,1910.0,422844.3711,159002
2026-03-09 23:59:59.999,ETH,1d,1935.9,1992.4,2053.0,1928.3,582626.157,216165
2026-03-10 23:59:59.999,ETH,1d,1992.3,2035.6,2087.7,1990.6,458316.0014,215611
2026-03-11 23:59:59.999,ETH,1d,2035.5,2051.1,2084.9,2006.5,424277.492,175729
2026-03-12 23:59:59.999,ETH,1d,2051.0,2072.5,2095.9,2016.6,497468.362,200102
2026-03-13 23:59:59.999,ETH,1d,2072.5,2091.6,2206.2,2069.5,550847.5758,253611
2026-03-14 23:59:59.999,ETH,1d,2091.4,2095.4,2104.8,2060.7,159975.2909,89932
2026-03-15 23:59:59.999,ETH,1d,2095.5,2177.3,2202.6,2082.2,365330.7399,142534
2026-03-16 23:59:59.999,ETH,1d,2177.4,2350.9,2383.7,2163.8,822929.7037,310350
2026-03-17 23:59:59.999,ETH,1d,2351.0,2316.1,2374.5,2295.5,542992.4316,245910
2026-03-18 23:59:59.999,ETH,1d,2316.1,2202.4,2348.3,2151.6,760067.3439,249038
2026-03-19 23:59:59.999,ETH,1d,2202.5,2136.9,2232.7,2096.6,682257.8792,259801
2026-03-20 23:59:59.999,ETH,1d,2136.9,2145.4,2176.8,2116.1,467834.3459,208643
2026-03-21 23:59:59.999,ETH,1d,2145.2,2083.1,2167.6,2069.3,217488.7007,87313
2026-03-22 23:59:59.999,ETH,1d,2083.1,2052.5,2125.6,2024.5,645383.7412,188376
2026-03-23 23:59:59.999,ETH,1d,2052.5,2151.0,2197.8,2022.0,714673.1433,269476
2026-03-24 23:59:59.999,ETH,1d,2150.9,2155.4,2174.6,2102.2,445647.8607,185840
2026-03-25 23:59:59.999,ETH,1d,2155.5,2168.1,2198.6,2146.5,473811.0231,199009
2026-03-26 23:59:59.999,ETH,1d,2168.2,2059.4,2171.4,2032.3,513405.283,210938
2026-03-27 23:59:59.999,ETH,1d,2059.4,1991.8,2075.8,1964.4,374927.3429,188612
2026-03-28 23:59:59.999,ETH,1d,1991.7,1993.9,2041.1,1981.8,274019.6317,117918
2026-03-29 23:59:59.999,ETH,1d,1993.8,1983.3,2018.6,1935.2,267685.9067,119104
2026-03-30 23:59:59.999,ETH,1d,1983.4,2025.5,2086.0,1979.4,448582.7822,202282
2026-03-31 23:59:59.999,ETH,1d,2025.5,2104.0,2122.4,2010.7,779042.9056000001,270013
2026-04-01 23:59:59.999,ETH,1d,2103.9,2138.5,2166.9,2082.0,671380.6233,242839
2026-04-02 23:59:59.999,ETH,1d,2138.4,2055.9,2157.8,2016.0,600599.3675000001,299356
2026-04-03 23:59:59.999,ETH,1d,2056.0,2052.8,2080.0,2040.0,190803.7431,98142
2026-04-04 23:59:59.999,ETH,1d,2052.7,2064.5,2083.6,2043.7,113076.731,66624
2026-04-05 23:59:59.999,ETH,1d,2064.5,2108.7,2122.2,2021.0,237384.9869,128978
2026-04-06 23:59:59.999,ETH,1d,2109.0,2106.4,2172.7,2087.3,460519.852,246613
2026-04-07 23:59:59.999,ETH,1d,2106.2,2239.7,2274.1,2060.0,820155.1442,296661
2026-04-08 23:59:59.999,ETH,1d,2239.6,2189.1,2269.7,2179.2,569156.5017,246160
2026-04-09 23:59:59.999,ETH,1d,2189.0,2189.1,2245.8,2156.7,506426.6189,218844
2026-04-10 23:59:59.999,ETH,1d,2189.1,2244.1,2256.0,2175.4,352742.0684,178292
2026-04-11 23:59:59.999,ETH,1d,2244.1,2284.0,2329.1,2227.9,236165.0079,141070
2026-04-12 23:59:59.999,ETH,1d,2284.1,2190.3,2287.9,2174.7,334352.8296,188312
2026-04-13 23:59:59.999,ETH,1d,2190.5,2368.2,2391.7,2174.1,530060.9293,241285
2026-04-14 23:59:59.999,ETH,1d,2368.2,2320.9,2413.8,2301.3,590061.0395,257951
2026-04-15 23:59:59.999,ETH,1d,2320.7,2358.3,2383.0,2308.0,411557.4842,194820
2026-04-16 23:59:59.999,ETH,1d,2358.2,2347.4,2367.7,2283.4,408328.4879,188857
2026-04-17 23:59:59.999,ETH,1d,2347.4,2417.1,2462.5,2316.7,458286.5525,235983
2026-04-18 23:59:59.999,ETH,1d,2417.1,2348.9,2426.0,2337.2,195182.9484,112257
2026-04-19 23:59:59.999,ETH,1d,2348.9,2261.3,2353.9,2251.0,456775.0324,187857
2026-04-20 23:59:59.999,ETH,1d,2261.3,2312.1,2345.9,2259.0,450649.2916,220083
2026-04-21 23:59:59.999,ETH,1d,2312.1,2326.3,2337.1,2283.8,509145.3005,201330
2026-04-22 23:59:59.999,ETH,1d,2326.4,2372.7,2422.2,2312.6,434854.5635,199396
2026-04-23 23:59:59.999,ETH,1d,2372.7,2328.9,2380.1,2283.9,481518.4735,206556
2026-04-24 23:59:59.999,ETH,1d,2328.9,2313.8,2336.8,2298.8,271336.8215,116926
2026-04-25 23:59:59.999,ETH,1d,2313.8,2318.1,2322.3,2300.0,97451.162,50209
2026-04-26 23:59:59.999,ETH,1d,2318.1,2368.4,2378.7,2304.9,186575.6725,100666
2026-04-27 23:59:59.999,ETH,1d,2368.5,2302.3,2403.4,2262.2,351210.2645,167372
2026-04-28 23:59:59.999,ETH,1d,2302.4,2288.8,2309.4,2255.3,243458.2206,137345
2026-04-29 23:59:59.999,ETH,1d,2288.9,2251.5,2345.5,2218.0,489099.234,208003
2026-04-30 23:59:59.999,ETH,1d,2251.5,2256.4,2278.2,2230.4,414061.2715,156719
2026-05-01 23:59:59.999,ETH,1d,2256.5,2294.7,2324.2,2256.4,318816.0037,145100
2026-05-02 23:59:59.999,ETH,1d,2294.7,2316.0,2341.9,2291.9,139707.6663,65942
2026-05-03 23:59:59.999,ETH,1d,2316.1,2321.7,2355.5,2296.8,212886.5256,112299
2026-05-04 23:59:59.999,ETH,1d,2321.8,2346.0,2397.9,2308.4,445192.943,231697
2026-05-05 23:59:59.999,ETH,1d,2345.9,2359.3,2398.4,2343.9,391164.3208,173571
2026-05-06 23:59:59.999,ETH,1d,2359.3,2350.2,2423.8,2336.3,574817.915,229504
2026-05-07 23:59:59.999,ETH,1d,2350.2,2290.6,2351.7,2279.3,360429.973,171668
2026-05-08 23:59:59.999,ETH,1d,2290.7,2306.8,2321.1,2263.4,330757.1352,126374
2026-05-09 23:59:59.999,ETH,1d,2306.8,2326.0,2337.5,2298.8,169141.4407,84430
2026-05-10 23:59:59.999,ETH,1d,2326.0,2370.6,2382.3,2310.6,302587.0318,135087
2026-05-11 23:59:59.999,ETH,1d,2370.7,2339.0,2374.3,2302.1,272458.6017,135967
2026-05-12 23:59:59.999,ETH,1d,2339.0,2273.7,2340.0,2255.2,283446.3663,165224
2026-05-13 23:59:59.999,ETH,1d,2273.7,2258.0,2323.2,2233.6,323669.1757,160300
2026-05-14 23:59:59.999,ETH,1d,2258.0,2282.1,2318.7,2237.7,298690.3525,160878
2026-05-15 23:59:59.999,ETH,1d,2282.2,2223.3,2299.3,2204.0,447544.284,171976
2026-05-16 23:59:59.999,ETH,1d,2223.3,2179.4,2230.5,2161.2,272162.9407,102793
2026-05-17 23:59:59.999,ETH,1d,2179.3,2130.1,2197.2,2089.4,321279.8259,113234
2026-05-18 23:59:59.999,ETH,1d,2130.2,2129.7,2156.1,2077.0,608525.0625,232576
2026-05-19 23:59:59.999,ETH,1d,2129.7,2110.8,2146.3,2093.5,263099.9634,121336
2026-05-20 23:59:59.999,ETH,1d,2110.9,2129.1,2148.2,2102.5,237196.1669,121240
2026-05-21 23:59:59.999,ETH,1d,2129.0,2133.1,2156.7,2104.2,389189.5257,143489
2026-05-22 23:59:59.999,ETH,1d,2133.3,2064.8,2140.9,2056.2,417363.0991,148336
2026-05-23 23:59:59.999,ETH,1d,2064.9,2116.8,2149.0,2008.5,568276.1408000001,184082
2026-05-24 23:59:59.999,ETH,1d,2116.8,2098.6,2130.0,2061.4,223073.2219,105514
2026-05-25 23:59:59.999,ETH,1d,2098.6,2112.4,2141.0,2090.9,254532.0143,100545
2026-05-26 23:59:59.999,ETH,1d,2112.4,2072.6,2140.0,2053.6,387663.2474,136840
2026-05-27 23:59:59.999,ETH,1d,2072.7,2023.9,2096.2,2015.2,385954.1061,158131
2026-05-28 23:59:59.999,ETH,1d,2023.8,2009.2,2029.3,1966.6,491497.6427,184932
2026-05-29 23:59:59.999,ETH,1d,2009.2,2013.7,2046.7,1976.1,479917.094,148702
2026-05-30 23:59:59.999,ETH,1d,2013.7,2021.6,2032.7,2001.1,195769.1945,66096
2026-05-31 23:59:59.999,ETH,1d,2021.6,2006.7,2037.2,1993.4,200385.0165,81867
2026-06-01 23:59:59.999,ETH,1d,2006.8,2006.9,2021.5,1954.8,456761.2335,193246
2026-06-02 23:59:59.999,ETH,1d,2007.0,1859.0,2007.0,1838.0,781055.5649,285221
2026-06-03 23:59:59.999,ETH,1d,1859.2,1812.3,1892.0,1770.0,791866.3989,315636
2026-06-04 23:59:59.999,ETH,1d,1812.3,1770.3,1819.9,1716.7,827724.888,384257
2026-06-05 23:59:59.999,ETH,1d,1770.1,1582.4,1773.9,1539.4,1462461.7875000001,492074
2026-06-06 23:59:59.999,ETH,1d,1582.3,1568.8,1600.7,1504.4,500455.8241,228809
2026-06-07 23:59:59.999,ETH,1d,1568.9,1689.4,1720.2,1563.3,550545.9237,217469
2026-06-08 23:59:59.999,ETH,1d,1689.6,1688.8,1713.8,1643.7,692794.1037,221325
2026-06-09 23:59:59.999,ETH,1d,1688.6,1638.5,1696.6,1609.8,846438.743,229372
2026-06-10 23:59:59.999,ETH,1d,1638.7,1620.9,1667.4,1603.4,830495.3939,237031
2026-06-11 23:59:59.999,ETH,1d,1621.0,1672.7,1693.7,1620.9,685154.2635999999,177521
2026-06-12 23:59:59.999,ETH,1d,1672.7,1665.7,1690.8,1651.2,516952.8097,141871
2026-06-13 23:59:59.999,ETH,1d,1665.6,1680.3,1696.4,1661.6,175328.2475,74440
2026-06-14 23:59:59.999,ETH,1d,1680.4,1725.3,1732.4,1654.6,547078.0678,111559
2026-06-15 23:59:59.999,ETH,1d,1725.2,1795.5,1849.5,1708.8,605133.8703,173283
2026-06-16 23:59:59.999,ETH,1d,1795.5,1792.8,1839.4,1757.8,732878.157,185953
2026-06-17 23:59:59.999,ETH,1d,1792.8,1749.7,1810.0,1724.9,547335.9252000001,186613
2026-06-18 23:59:59.999,ETH,1d,1749.9,1711.1,1762.5,1671.2,611850.26,189328
2026-06-19 23:59:59.999,ETH,1d,1711.1,1711.2,1719.7,1678.4,417085.8437,109589
2026-06-20 23:59:59.999,ETH,1d,1711.3,1740.5,1750.0,1703.7,252847.6472,90101
2026-06-21 23:59:59.999,ETH,1d,1740.4,1706.1,1740.6,1701.6,306378.8926,102733
2026-06-22 23:59:59.999,ETH,1d,1706.2,1727.9,1778.6,1706.1,933783.0655,166044
2026-06-23 23:59:59.999,ETH,1d,1727.9,1666.4,1735.8,1634.1,615325.8366,150942
2026-06-24 23:59:59.999,ETH,1d,1666.4,1621.2,1691.1,1551.3,706747.2471,205491
2026-06-25 23:59:59.999,ETH,1d,1621.1,1566.6,1659.0,1531.3,683606.1655,217497
2026-06-26 23:59:59.999,ETH,1d,1566.5,1577.6,1592.8,1511.0,694181.405,241415
2026-06-27 23:59:59.999,ETH,1d,1577.7,1572.9,1609.9,1562.1,158700.4544,97570
2026-06-28 23:59:59.999,ETH,1d,1572.9,1570.9,1587.2,1547.6,167372.0677,101159
2026-06-29 23:59:59.999,ETH,1d,1571.0,1612.4,1636.2,1549.3,426374.8694,177331
2026-06-30 23:59:59.999,ETH,1d,1612.3,1571.4,1613.4,1549.9,504183.1471,172410
2026-07-01 23:59:59.999,ETH,1d,1571.4,1608.6,1645.0,1552.0,539371.2039,164818
2026-07-02 23:59:59.999,ETH,1d,1608.9,1701.3,1724.2,1596.6,558884.2456,195015
2026-07-03 23:59:59.999,ETH,1d,1701.2,1759.3,1776.3,1695.2,401626.1912,138908
2026-07-04 23:59:59.999,ETH,1d,1759.3,1781.1,1807.4,1744.8,273779.5445,112817
2026-07-05 23:59:59.999,ETH,1d,1781.2,1786.3,1809.0,1749.5,177339.2822,94068
2026-07-06 23:59:59.999,ETH,1d,1786.2,1800.4,1834.0,1729.6,465076.6448,183389
2026-07-07 23:59:59.999,ETH,1d,1800.5,1772.0,1813.3,1757.8,383313.0642,151824
2026-07-08 23:59:59.999,ETH,1d,1771.4,1743.6,1784.8,1713.0,499805.0043,165503
2026-07-09 23:59:59.999,ETH,1d,1743.6,1745.0,1762.0,1722.0,352288.0509,121713
2026-07-10 23:59:59.999,ETH,1d,1745.1,1796.5,1811.5,1737.5,413192.1634,130110
2026-07-11 23:59:59.999,ETH,1d,1796.4,1787.2,1829.1,1786.3,226305.1525,104708
2026-07-12 23:59:59.999,ETH,1d,1787.2,1806.7,1826.6,1778.8,217753.2235,111232
2026-07-13 23:59:59.999,ETH,1d,1806.6,1776.8,1845.8,1750.5,902782.5379999999,201263
2026-07-14 23:59:59.999,ETH,1d,1776.9,1891.7,1896.5,1773.7,511868.339,188693
2026-07-15 23:59:59.999,ETH,1d,1891.7,1918.3,1946.5,1864.1,424284.8732,184660
2026-07-16 23:59:59.999,ETH,1d,1918.1,1865.1,1929.4,1857.4,466170.7956,192551
2026-07-17 23:59:59.999,ETH,1d,1865.1,1841.6,1871.4,1803.3,409034.9939,176627
2026-07-18 23:59:59.999,ETH,1d,1841.6,1863.0,1867.1,1837.4,175437.1561,72042
2026-07-19 23:59:59.999,ETH,1d,1863.0,1872.2,1879.2,1853.5,158983.183,79870
2026-07-20 23:59:59.999,ETH,1d,1872.2,1904.0,1918.1,1843.0,504267.158,170505
2026-07-21 23:59:59.999,ETH,1d,1904.1,1929.5,1952.0,1900.2,412746.887,145208
2026-07-22 23:59:59.999,ETH,1d,1929.5,1933.4,1955.9,1910.4,456352.9852,163735
2026-07-23 23:59:59.999,ETH,1d,1933.5,1877.7,1941.0,1868.1,460315.4388,143545
2026-07-24 23:59:59.999,ETH,1d,1877.8,1861.0,1909.3,1847.0,407329.0484,135030
2026-07-25 23:59:59.999,ETH,1d,1860.7,1874.3,1876.0,1850.4,123616.4997,78502
2026-07-26 23:59:59.999,ETH,1d,1874.3,1954.2,1967.9,1873.5,248041.7709,117151
2026-07-27 23:59:59.999,ETH,1d,1954.3,1891.6,1980.8,1881.6,537552.5556,221577
2026-07-28 23:59:59.999,ETH,1d,1891.5,1921.4,1928.1,1856.3,566861.9177,203661
2026-07-29 23:59:59.999,ETH,1d,1921.3,1910.0,1936.4,1874.1,529937.3006,199448
2026-07-30 23:59:59.999,ETH,1d,1910.0,1917.6,1936.0,1893.4,398638.153,140676
2026-07-31 23:59:59.999,ETH,1d,1917.6,1861.6,1935.4,1848.0,489273.8336,168704
2026-08-01 23:59:59.999,ETH,1d,1861.6,1843.9,1874.4,1820.7,202115.3214,101803
2026-08-02 23:59:59.999,ETH,1d,1843.9,1884.6,1898.6,1843.2,283207.2357,116922
2026-08-03 23:59:59.999,ETH,1d,1884.5,1859.4,1885.4,1827.6,344524.7553,131650
2026-08-04 23:59:59.999,ETH,1d,1859.5,1869.4,1881.1,1847.4,418541.7662,128449
2026-08-05 23:59:59.999,ETH,1d,1869.5,1908.1,1927.0,1854.7,507784.5536,154732
2026-08-06 23:59:59.999,ETH,1d,1908.1,1903.0,1918.9,1892.0,366685.6848,106780
2026-08-07 23:59:59.999,ETH,1d,1902.9,1913.1,1939.4,1893.5,541762.1596,138380
2026-08-08 23:59:59.999,ETH,1d,1913.0,1916.0,1925.8,1911.3,93693.4263,46882
2026-08-09 23:59:59.999,ETH,1d,1916.1,1909.9,1937.5,1906.8,122841.6341,58336
2026-08-10 23:59:59.999,ETH,1d,1910.0,1872.5,1930.6,1867.0,423063.0234,125198
2026-08-11 23:59:59.999,ETH,1d,1872.5,1882.0,1896.7,1852.7,338407.8606,109590
2026-08-12 23:59:59.999,ETH,1d,1882.1,1879.5,1924.3,1872.6,339813.2466,125464
2026-08-13 23:59:59.999,ETH,1d,1879.5,1885.4,1899.5,1862.3,387396.1719,123274
2026-08-14 23:59:59.999,ETH,1d,1885.4,1881.2,1890.6,1863.4,261595.9057,86652
2026-08-15 23:59:59.999,ETH,1d,1881.3,1882.3,1885.6,1875.3,81094.5465,39409
2026-08-16 23:59:59.999,ETH,1d,1882.3,1875.6,1891.3,1868.7,158440.024,55172
2026-08-17 23:59:59.999,ETH,1d,1875.6,1913.0,1917.9,1871.8,283004.2472,105496
2026-08-18 23:59:59.999,ETH,1d,1912.9,1916.8,1922.0,1884.8,343093.9096,106988
2026-08-19 23:59:59.999,ETH,1d,1916.9,2253.5,2346.8,1905.3,1933966.409,390367
2026-08-20 23:59:59.999,ETH,1d,2252.9,2328.0,2360.8,2224.0,994377.9292,299079
2026-08-21 23:59:59.999,ETH,1d,2328.1,2518.3,2550.5,2325.9,1514440.8373,423804
2026-08-22 23:59:59.999,ETH,1d,2518.2,2423.4,2533.8,2383.3,777179.0821999999,274418
2026-08-23 23:59:59.999,ETH,1d,2423.5,2464.4,2487.0,2357.2,647398.9048,228304
2026-08-24 23:59:59.999,ETH,1d,2464.5,2482.3,2534.0,2425.0,789322.9705000001,286282
2026-08-25 23:59:59.999,ETH,1d,2481.8,2441.6,2532.5,2407.5,735983.1334,246710
2026-08-26 23:59:59.999,ETH,1d,2441.7,2506.0,2514.9,2431.6,503177.4562,189826
2026-08-27 23:59:59.999,ETH,1d,2506.2,2510.1,2566.4,2480.4,642623.4658,202632
2026-08-28 23:59:59.999,ETH,1d,2510.1,2442.3,2533.8,2405.4,546717.0922,191161
2026-08-29 23:59:59.999,ETH,1d,2442.3,2457.3,2459.6,2430.1,123456.0696,67827
2026-08-30 23:59:59.999,ETH,1d,2457.6,2417.5,2536.7,2388.0,512421.7491,164787
2026-08-31 23:59:59.999,ETH,1d,2417.5,2468.0,2490.0,2400.7,486825.3103,156659
2026-09-01 23:59:59.999,ETH,1d,2467.9,2418.9,2485.8,2383.2,415272.9231,154048
2026-09-02 23:59:59.999,ETH,1d,2418.9,2391.6,2429.5,2356.0,470326.4187,155562
2026-09-03 23:59:59.999,ETH,1d,2391.3,2508.1,2529.4,2369.2,545046.5432,195708
2026-09-04 23:59:59.999,ETH,1d,2508.1,2455.4,2545.9,2430.6,523764.9945,160270
2026-09-05 23:59:59.999,ETH,1d,2455.6,2479.9,2493.0,2444.1,133792.9255,55365
2026-09-06 23:59:59.999,ETH,1d,2479.8,2515.1,2525.8,2462.3,272775.5425,105708
2026-09-07 23:59:59.999,ETH,1d,2514.8,2489.2,2536.0,2465.1,315744.0461,140255
2026-09-08 23:59:59.999,ETH,1d,2489.2,2484.4,2507.4,2440.0,423938.6134,131851
2026-09-09 23:59:59.999,ETH,1d,2484.3,2467.2,2523.0,2441.6,513292.8165,156410
2026-09-10 23:59:59.999,ETH,1d,2467.2,2437.1,2483.9,2403.8,469442.3212,140830
2026-09-11 23:59:59.999,ETH,1d,2437.2,2515.4,2666.2,2433.3,1060793.5928,287478
2026-09-12 23:59:59.999,ETH,1d,2515.5,2525.4,2544.7,2507.5,148314.1859,65400
2026-09-13 23:59:59.999,ETH,1d,2525.4,2476.0,2527.1,2460.4,376024.6786,105736
2026-09-14 23:59:59.999,ETH,1d,2475.9,2514.9,2615.5,2464.7,755882.0153,238403
2026-09-15 23:59:59.999,ETH,1d,2514.5,2397.0,2519.3,2356.6,973784.5641,267171
2026-09-16 23:59:59.999,ETH,1d,2397.1,2417.5,2430.0,2366.9,565795.7498,199045
2026-09-17 23:59:59.999,ETH,1d,2417.7,2446.3,2482.8,2413.0,400609.2703,143810
2026-09-18 23:59:59.999,ETH,1d,2446.4,2613.0,2647.0,2435.8,707990.2474,250222
2026-09-19 23:59:59.999,ETH,1d,2612.9,2632.6,2669.0,2603.7,360088.9148,154072
2026-09-20 23:59:59.999,ETH,1d,2632.5,2646.2,2650.3,2562.9,473216.5214,234530
2026-09-21 23:59:59.999,ETH,1d,2646.2,2777.3,2809.5,2642.2,867819.3651000001,318184
2026-09-22 23:59:59.999,ETH,1d,2777.3,2755.6,2779.0,2716.2,367493.9624,173817
2026-09-23 23:59:59.999,ETH,1d,2755.6,2684.7,2790.2,2636.0,556293.0656,204123
2026-09-24 23:59:59.999,ETH,1d,2684.7,2687.3,2706.0,2626.9,395677.0526,159357
2026-09-25 23:59:59.999,ETH,1d,2687.3,2691.4,2743.0,2667.4,338335.8576,150891
2026-09-26 23:59:59.999,ETH,1d,2691.4,2697.0,2697.0,2663.2,100502.6717,69478
2026-09-27 23:59:59.999,ETH,1d,2696.9,2688.4,2722.5,2668.6,222166.4139,91968
2026-09-28 23:59:59.999,ETH,1d,2688.3,2689.4,2720.5,2634.5,459700.2398,172931
2026-09-29 23:59:59.999,ETH,1d,2689.5,2678.4,2750.0,2652.3,481890.5938,177983
2026-09-30 23:59:59.999,ETH,1d,2678.5,2686.6,2739.0,2657.8,400818.7615,160817
2026-10-01 23:59:59.999,ETH,1d,2686.5,2706.6,2723.0,2673.3,384660.7184,137698
2026-10-02 23:59:59.999,ETH,1d,2706.6,2749.4,2779.4,2696.0,194455.6187,79260
